,Tweet,Class
0,ایٹم بم بنایا ھے بھائی ایٹم بمب کوٹ لکھپت اتفاق فیکٹری بنتاایٹم بم کہوٹہ ایٹمی,2
1,چندے انقلاب عمران خان وزیر اعظم بن سکتے,0
2,ٹویٹر خیال,1
3,سرچ انجن گوگل نائب صدر فضا فٹ بلندی چھلانگ عالمی ریکارڈ قائم کرلیا چھلانگ,2
4,اسکی لہریں یار أ,2
5,گندی زبان گٹر دماغ جاہل جیالے جیالا جاہل ممکن,0
6,قاتل مقتول تمظالم مظلوم,0
7,نور بغداد گلیوں کرن مدینہ چلی,2
8,لفظوں شرارت ھے سنبہل بہی لکہنا محبت لفظ ھے اکثر بہی ھے,2
9,سمارٹ فون عادیوں ڈجٹل ڈیٹاکس کیپ متعارف,2
10,وزیر اعظم زیر صدارت پارلیمانی رہنماؤں اجلاس,2
11,سوچا شہباز شریف کام جہاں چھوڑا چودھری پرویز الہی چودھری پنجاب تباہ شہباز ترقیاتی کام پنجاب سنوار,2
12,تیز بارش گھنا پیڑ اک لڑکی ہوایسے منظر شہروں پائے,2
13,لاہور دھرنوں باعث سیاسی عدم استحکام معاملہ سنبھل میاں مجتبی,2
14,مؤرخ لکھے گاکہ مملکت خداد کڑا وقت ڈی جے پالنے کیلیے لیڈر چندہ مانگناپڑ گیاچندے انقلاب,0
16,اک کھیل مقدر بدل ہمیں پکار چھپا زوبی,2
17,ابن ڈیزل ہواکرے درد دوا,0
18,پی ٹی استعفے واپس لینے اعلان,2
19,پنجرے چھ طوطے طوطی چھیڑ رھے جبکہ دوسرے پنجرے,0
20,باجوڑ ایجنسی پولیو ٹیم حملہ لیوی اہلکار زخمی,0
21,سہیل بخاری کہنا تعزیتی ریفرنس یاسین ملک قریبی دوستوں شرکت افسوس,0
22,®انقلابدھرناڈیلماڈل ٹاؤن جاں بحق کوخون بہادینے علاوہ قادری کوعلیحدہ ستر کروڑدینے کابھی یقین دلایاگیارپورٹ,0
23,شرابی وقت شراب دور تھاایک مرتبہ دوست احباب جمع شراب تیار غلام,0
24,خیبر پختونخوا کام ھوا ھوتا عمران دھرنوں جواز بن,2
25,انشا ءاللہ بابے دا ڈیرہ ریخی قافلہ گجرات جلسہ شر کت ے ملک چاند محبوب,2
26,ا عمران خان دنوں شیدے دور بھگا چاہیے اسکے بیٹے پاکستان چھڑے چھانٹ اخلاقی گراوٹ شکار,0
27,فتح حق اورسچ ہوئیالطاف حسین کورابطہ کمیٹی مبارکباد,2
28,انقلاب ایجنڈا بدلا بدلے کیئرٹیکر حکومت قومی حکومت بن سکتی مک مکا حکومت چاھتے طاہر القادری,2
29,تحریک انصاف ضمنی انتخابات حصہ گیترجمان شیریں مزاری جی ہان قبضہ مافیا لوٹوں حمایت ضرور,0
30,مسلمانوں نیا اسلامی سال مبارک,2
31,برائی پہچانتا قریب ھے واقع ھو سیدنا عمر فاروق,0
32,ھو سکے تنہائیوں پڑھ لینا دل کتاب ھوں,2
33,اصلی طالبان لشکر جھنگوی اصلی خالص,2
34,وینا ملک بیٹا سوشل میڈیا مقبولیت شلپا شیٹھی بیٹے کراچی وینا ملک بیٹے ابرام خان,2
35,RT حکومتوں الگ فیصلہ حتمی رہنما ایم کیوایم فاروق ستار,0
36,اللہ نبی ﷺ شہادت خوشخبری دیدی,2
37,اسلام آباد چیرمین تحریک انصاف عمران خان کہنا محرم الحرام باوجود اسلام آباد,2
38,ڈیزل خان تمبو اکیلا پیشن گوئی ناکام ڈیزل خان,2
39,اک نئی طرز کردار گااس کہانی مار,0
40,قسم گندے الفاظ فضلو دھرنے خواتین بارے استعمال سیاسی مزھبی جماعتوں انکا بائکاٹ چاہئے,0
41,عالمی استعمار امریکا اسرائیل اورانکے نمک خوار سعودی عرب سینےمیں خنجر مانند ماہ محرم صفراور ربیع الاول,0
42,حق پرست رکن سندھ اسمبلی سمیتا افضال علالت جناب اظہار تشویش,0
43,ایم کیوایم ڈسٹرکٹ ملتان صدر ذیشان دلاور قریشی والدہ محترمہ انتقال رابطہ کمیٹی کااظہار تعزیت via,0
44,اتنا کام پڑا کھیل اردو بورڈ,2
45,محسن طلوع ماہ محرم ساتھ ہیہر دل مثال شہر خموشاں اداس,0
46,جنوبی پنجاب سارا پیسہ لاہور پہ لگتاہے پٹواری نئیں کہتا واقعی حق گجرات یونیورسٹی دکھ,2
47,ایم کیوایم قائد الطاف حسین تصنیف فلسفہ محبت انگریزی ترجمہ تقریب اجراء 24اکتوبر جمعہ شام میریٹ ہوٹل منعقد ہوگی,2
48,کھیل نماز الگ الگ ھیں اپ زرا پڑھا مینڈک اچھے نھیں ھوتے,2
49,دبئی پہلا ٹیسٹ آسٹریلیا خلاف پاکستان دوسری وکٹ گرگئی,0
50,سردار بنے علم حاصل کہیں سرداری غرور طلب علم روک جاہل بن زندگی گذارو سیدنا عمر فاروق,2
51,دس نارمل فیصل عابدییے رحلت فرماویں جعفر پیدا,0
52,ایم کیوایم آزاد کشمیر حکومت علیحدگی اعلان اسکے ساتھ حکومت اندر باہر عالمی ریکارڈ بنا سیاسی لطیفے,0
53,مشرق وسطی امریکا پالیسیوں نتائج بھگت,0
54,اوہ معذرت دھیانی کئی مہینوں فون سننا پڑ دماغ بند ہوگیا عادت فون بات پ,0
55,برطانوی فوج افغانستان آخری اڈاہ خالی کردیا,2
56,ڈات کہڑا آب عمر انٹہیک کپتان نیاء بنے پاکستان نیاء بنے پاکستان انشاء آللہ,2
57,دیکھے صلیبوں صورتیں پیمبروں دنیا بادشاہوں عادتیں گداگروں,2
58,اڑی اڑی رنگت کھلے کھلے گیسو صبح رات فسانہ,2
59,چیز ﷲ بندوں مانگنا چاہیے,2
60,کب ایساوہ صحیح غلط لڑائی,2
61,مار ک چھوڑ بول ساتھ سلوک,0
62,شہباز شریف جھنگ سیلاب زدگان چیک دئے کل باونس,2
63,سر جی بنتی یے چاٹی لسی بنوائی کھٹی کھٹی,2
64,پہلا ٹیسٹ آسٹریلیا کیخلاف پاکستان بیٹنگ جاری,2
65,احساس پیدا,2
66,حضرت مولانا محمود اشرف عثمانی صاحب مدظلہ حاجیوں کیلئے چند ھدایات,2
67,انصافی ٹائگر عمران خان معذور افراد ساتھ گزرے قیمتی,2
68,غم لاکھوں دکانداروں اک تبسم فروش بہتر,2
69,مشرف دوست شیرافگن فضل الرحمن کواس شرط اپوزیشن لیڈر بنایا مشرف پالیسیوں حمایت ڈیزل اصلیت,2
70,باہیک مری روڈ راولپنڈی ھوں میٹرو کام وجہ مری روڈ گرد غبار ھے ٹریفک جام معمول ھے,0
71,بلدیاتی انتخابات التوا ذمہ دار الیکشن کمیشن عمران خان,0
72,امریکا یورپی پارلیمنٹ بل قادری لاہورحکومت عوام,2
73,پشاور حزب اختلاف جانب محمد علی شاہ نام,2
74,ٹی وی فوٹو کھینچ گوگل کرکے تصویر,2
75,مبارک ہمیں پہ فخر اللہ آپکو مزید کامیابیاں عطا فرمائے آمین,2
76,حقے انگلش ساتھ بتائیے گٹکے انگلش کہتے,0
77,خدانخواستہ عمران خان گھر گھس تصویر,0
78,بھائ جھک مارو حق بس تمیز زندگی گزارو,2
79,ھائے چیز ھے محبت,2
80,ایرانی دہشتگرد امین شہیدی اگست اسلام آباد مولانا فضل الرحمن انتقام اعلان تھاوہی بس اللہ مولانا بچا,2
81,حدیثا اللہ کاذکر ایمان کاجھنڈا شیطان حفاظت قلعہ بھڑکتی آگ نارجہنم نجات کاذریعہ ھے گلدستہء فقر صفحہ118,2
82,ایکس نیوز۰ محرم الحرامایکس نیوز جانب مسلمانوں,2
83,اردو ٹرینڈ بہتر کپتان ڈیزل,2
84,بنوں مکانات کرائے بڑھ متاثرین بکاخیل کیمپ مجبور,0
85,واہ بات,2
86,شیخ شرم جسے چپڑاسی رکھوسچ چپڑاسی پارٹنر بنائے,0
87,حلقہ خواتین تحت ملک بھر اجتماع عام سلسلے بریفنگ ملاقاتوں سلسلہ جاری,2
88,چاھتا یھی وفا نکلے سمجھنے سلسلا نکلے,0
89,عمران بھائی اپ لطیفوں لوگ فی زور ہنستے شوز ٹکٹ پیسے مل مانگنے شرمندگی,2
90,تین چیزیں محبت بڑھانے ذریعہ ھیں سلام دوسروں مجلس جگہ خالی مخاطب بھترین نام پکارنا حضرت عمر,2
91,وقت تقاضا وسائل منصفانہ تقسیم انتظامی بنیادوں صوبے بنائے مالی وسیاسی اختیارات دئے وفاق مشترکہ وحدت بنے,2
92,لاہور اگلے جلسے واپس آجائیں,2
93,جناب اسپیکر آج نون لیگ منافق لیگ نام نون لیگ سچ بولنا,0
94,مک نام تیرا سیاست فسانے تیرا رونا بنتا زمانے,0
95,بھنگ نشہ اترتا,0
96,کشکول توڑنے دعوی پاکستان قرضوں ڈبو گیاغیر ملکی قرضے ارب ڈالر تجاوز پاکستانی زائد روپے مقروض قرضے کھرب پہنچ,0
97,آسان حدف بچوں میچ ہا ہا ہا ہا ہا,2
98,استیعفی مانگنے چندہ مانگنے آگئے,0
99,مریم نواز بحیثیت چیئرپرسن یوتھ لون اسکیم تقرری وفاقی حکومت جواب طلب ہائی کورٹ,0
100,دس سائیکو اج خان چندہ گن,0
101,انقلاب لغت مایوسی یقینی ڈاکٹر طاہر القادری انقلاب,2
102,ربنا وتقبل دعاءاے رب دعا قبول فرما آمین رب العالمین,2
103,متروک مسترد کاسہ لیسوں مارچ حمایت تاریخی جرم ہوگا متروکمستردکاسہلیسوں کیکسیبھیمارچک,2
104,پی ایندھن ترسیل بحال مشکل ہوگیا پی ایس کراچیپی ایس پا,0
105,لاہور ہسپتال سیالکوٹ ہارون آباد چھوٹے یونٹس بنا,2
106,ہتھیاروں پابندی لگائی Pدوستوں ساتھ ضرور شئیر شکریہ,2
107,عمران خاں زنا ناجائز بچوں پرائیویٹ معاملہ کھتا ھے شخص پیچھے قوم چلنا چاھیے,0
108,لوٹ امیدیں ٹوٹ پائی بند پائے بہی در کہنا ملک عدنان احمد,0
109,غذائی قلت شکار مزید بچے سول اسپتال مٹھی دم توڑ تھر پارکرتھر پارکر غذائی قلت شکار م,0
110,سٹی ٹریفک پولیس رواں ماہ دوران مجموعی طورپردوسوبارہ مقدمات درج کرائے,0
111,مادر جمہوریت بیگم نصرت بھٹو ہبحاایران بیٹی نصرت بھٹو پاکستان ینب ںامانہوں سقوﻁ ڈھاک بکھرے,2
112,مولانا فضل الرحمن ملاقات کیلئے گورنر پنجاب وفاقی وزراء مشیروں مذہبی رہنماؤں تانتا بندھارہا,2
113,انشا جی اٹھو کوچ شہر جی لگانا ہاہاہا قادری صاحب شہر اقتدار احسان,2
114,لوگوں دھرنے چندہ مانگنے کنال بنی گالہ گھر پیج دھرنے خرچے پورے,2
115,اردو لغت میے نیا لفظ,2
116,دبئی چوتھے دن کھیل ختم آسٹریلیا رنز کھلاڑی آئوٹ,2
117,شامی صاحب ایڈیٹر تجزیہ نگار رپورٹر اینٹ اٹھاتا کرپشن سکینڈل نکلتے جذباتی رؤف کلاسرا,0
118,قادری کنٹینر ظہیر الااسلام انکی ریٹائرمنٹ پرمسرت موقع بطور سویئنیر پیش جانا چاھیے,2
119,اسلام آباد مولانا فضل الرحمان حملے خلاف کل ملک بھر یوم مذمت منایا علامہ محمد احمد لدھیانوی,0
120,حنیف محمد پوتے شہزر محمد پاکستان کرکٹ پی سنچری بنا ریکارڈ بک نام منفرد تعارف طو درج کرا,2
121,ملک بدنام میی لفافہ صحافت باقی کسر پوری کردی,0
122,ایدھی سنٹر ڈکیتی مرکزی ملزم سابقہ ملازم2 گرفتار کراچی شہر قائد ایدھی ٹرسٹ ہیڈ آفس ڈکیتی,0
123,عہد لٹ ایدھی چندہاس دور حاکم کوئ گنجا,0
124,کراچی سندھ ہائیکورٹ بحریہ ٹاؤن کلفٹن فلائی اوور خلاف حکم امتناع ختم بحریہ ٹاؤن تعم,2
125,اہل اسلام نیا اسلامی سال مبارک اللہ پاک سال لیئے رحمتوں برکتوں باعث بنائے حال,2
126,داغی کپتان قوم ساتھ جذبے کھڑاھے,2
127,ریالٹی انقلابی گو نواز گو جلسوں کامیابی قرار کام دھرنوں بغیر سکتے,2
128,پاکستان ٹیم احمد شہزاد محمد حفیظ اظہر علی یونس خان مصباح الحقاسد شفیق سرفراز احمد ذوالفقار بابر عمران خان یاسر شاہ راحت علی شامل,1
129,بالآخر مصروفیت پیش نظریہ تہہ یاد,2
130,پھلا ٹیسٹ پاکستان اسڑیلیا خلاف ٹاس جیت کربیٹنگ کافیصلہ خضربلوچ,2
131,کٹڑ مسلمان بن بھائی,2
132,خواجہ عمران نذیر مریضوں علاج معالجے سہولتوں متعلق دریافت,2
133,بیچتے دوائے دل دکان بڑھا شاہراہ دستور عوامی تحریک کارکنوں واپسی ڈی صفائی مہم شروع کردی,2
134,لاہوریوں اجتماع عام دل دروزے کھول ڈونرز کانفرنس ڈیڑھ کروڑ زائد رقم جمع کروا,2
135,عیش کروکم پڑجائے بکرے سر,2
136,پارٹی شروع,2
137,سائن آوٹ اچھی کتاب پڑھوآپ آوٹنگ شائد ٹویٹر باھر نکلا,2
138,عہد لٹ فقیروں کمائی دور سلطاں ئی بھول ئ,0
139,عوامی تحریک رہنماء کارکنوں آبائی علاقوں بلدیاتی انتخابات تیاری ہدایت,2
140,کڑوڑ ستر لاکھ معذور افراد معاشرے بلکل دھتکارا افسوس بات,0
141,عرصے انقلاب نام ناٹک خوف پیش نظر رچایا عوام کہیں حقیقی انقلاب کھڑے,0
142,حضرت عمر شان زاہدانہ,2
143,استعفی پارلیمنٹ باہر قادری ہمیں شرپسند عناصر,0
144,خاطر ھم چھوڑ,0
145,فقیر غلطیوں احتساب دوسروں اچھائیوں نظر کھے دوسروں گالیاں خود فرشتہ سمجھے,2
146,عوامی تحریک سربراہ ڈاکٹر طاہر القادری واپس کینیڈا فیصلہ,2
147,نواز شریف بھارت اسرائیل خوش کوشش حکومت ناک نیچے اسرائیلی اسٹال,2
148,وہچلاجائے آجائیں دھرنے کیلئے تبدیلی حاصل بزنجو,0
149,سوشل میڈیا پہ ھے احمدیوں پرنٹ الیکٹرونک میڈیا پہ آواز اٹھائو بات,2
150,فقیری اچھی پروہ جوآپ کولوگوں نیاز کردے فقیری لوگوں نیاز محتاج ہاتھ پھیلاتے پھریں,0
151,حصے پاکستان ساتھ پاکستان بنایا پہر خواجہ اظہار ایم کیو ایم,2
152,گوجرہ قتل ڈکیتی گرفتار ملزمان نشاندہی اسلحہ برآمدپولیس قتل ڈکیتی گرفتار ملزمان,0
153,گو نواز گوگو قادری گوگو شہباز گوگو ذرداری گوگو بلاول گوگو,0
154,ایم کیو ایم ملک گیر یوم سیاہ,0
155,لگتا ھے مونس الہی قادری صاحب خصوصی دعا نواز ھے,2
156,لاہور چھاپہ مار ٹیم موقع مردار گوشت ھی برآمد کرلیا عائشہ ممتاز,0
157,خدا کینڈی کرش ساگا گیم کھیلنے لوگ انوائیٹ جان چھڑوائے خدا,2
158,ساحر لدھانیوی عصمت چغتائی راجندر سنگھ بیدی علی سردار جعفری دیگر ترقی پسند ادیب ساحل سمندر اکٹھے,2
159,کیاعمران خان ٹوئٹر فیس بک پہ وزیر اعظم بن,0
160,تھرپارکر دنوں بچے غذائی قلت جاں بحق سندھ حکومت غافل,0
161,بھائی کہیں چاہ ختم,0
162,لاہور میٹروبس ارب خرچ,2
163,تحریک انصاف عوامی تحریک کارکنوں کہتا پیچھے ہٹے چھوڑدینا,0
164,عوامی ٹیکسوں حاصل پیسہ سیاسی مقاصد استعمال جاسکتا لاہور ہائیکورٹ,2
165,دولت واقعی آزمائش ھے اساتذہ تحقیق کیلئے ھمارا بجٹ ھزار ھوتا ھے جبکہ ساوں ڈ سسٹم ڈی جے کیلئے ستائیس لاکھ انصاف,0
166,ذندہ بیٹھوں پاکستان خان وطن مٹی ایڑیاں رگڑنے یقین چشمہ نکلے,2
167,آر وائی دیکھ پاپا مرگی کےدورے پڑتے مبشرلقمان دیکھ حمزہکو لقوہ مریمگلو بٹنی,0
168,پاؤں رکھ شاعری اپنیکسی یوں کمائی,2
169,اللہ بھلا حضرت آج حلیے فیصلہ کرنامشکل تھاکہ بدبوکامرکزکچراتھایا صاحب کپڑے,0
170,دوست پاکستان ٹیسٹ میچ بارے بتا ساتھ ٹائم لازم لکھنا,2
171,بریکنگ کراچیملزم سلیم پولیس گرفتارنہیں کرسکیپولیس ذرائع,0
172,طریقہ غلط اوربدعت طلاق پڑتی,0
173,کھجور بلغم بلغمی مزاج لوگ دن پانچ کھجوریں کھائیں بلغم ختم ہوجاتی,2
174,دنیا گول چندے چندے سفرچندے انقلاب,2
175,اللہ وے ماہی تیرا پیار دل اوداسی نی جاندی,2
176,محرم الحرام چاند نظر یوم عاشورہ چار نومبر ہوگا,2
177,ایم کیو ایم منانے کوشش کیرحمان ملک بار خود ذلیل واپس جاویں طاھر کینیڈوی ذلیل رسوا,2
178,افسوس صد افسوس ماہ ایان چل بسا,0
179,خاتو ن جج کمرہ عدالت کرکٹ سیکھنی پڑگئی,2
180,سلیکٹرز یونس خان جانب سینچری,2
181,ظلم سدھو سانوو,0
182,یوز ھوں,2
183,ہ نئی احتیاط دیکھی آئینے حجاب ہوایک دن عدم پی کیاروز شغل شراب ہوعبدالحمید عدم,0
184,باپ شوبازشریف بول پنجاب بچالے بجلی توجہ ماما بن خیبر پختونخواہ کاجعلی معزز بہڑوے سالے,0
185,اسلام آباد محرم الحرام چاند نظر نیا اسلامی سال مبارک برکت آسانی باعث بنے مین,2
186,دانستہ چھوڑ جاؤں میدان جیت,2
187,افغانستان آخری امریکی برطانوی دستوں آپریشن ختم فیصلہ,2
188,مریم نوازکی یوتھ لون اسکیم چیرپرسن تعیناتی کےخلاف درخواست ہائیکورٹ سماعت ادارےکی تشکیلچیرپرسن تقرری کےطریقہ کاراوردیگرکار,0
189,عمر مرتبے تذکرہ کرسکتا ہونٹوں نکلے الفاظ خدا قرآن بنا اتار سیدنا عمر فاروق رضی اللہ عنہ,2
190,فیصد بل انھوں بجلی استعمال خواجہ آصف,0
191,اج لوگو طاہر القادری فیصلہ سمج نہی ایا کل پہر لوگو کہنا طاہر القادری ڻہیک کہتے تہے,2
192,کراچی این ای ڈی یونیورسٹی ایڈمیشن کیلئے انٹری ٹیسٹ اعلان,2
193,تین گھونٹ چائے بس گرم میٹھا پانی,0
194,جزاک اللہ انتظار سویا,2
195,ڈانس ڈائریکٹر پپو سمراٹ کام مظاہرہ,2
196,مسلمانوں نیا اسلامی سال مبارک شہادت امیر المومنین سیدنا فاروق اعظم علیہ السلام سیدنا حسین علیہ السلام ہدیہ تعزیت,2
197,رسول ﷲ ﷺ فرمایا خبردار بالارادہ نماز چھوڑنا دیدہ دانستہ عمدا نماز چھوڑدی اللہ ذمہ بری ابن ماج,2
198,تحریک انصاف استعفوں موقف قائم نظام تبدیلی چاہتے شیریں مزاری,2
199,مذہب چادر بدنما داغ بدنما داغوں دیکھنے عقیدت عینک اتارنا پڑتا اکثر سمجھتے,0
200,چندے انقلاب بہتر مستحق امداد اسکی زندگی خوشحال,2
201,لگتا آسٹریلیا ٹیم برا پرفارم حالت جوں توں,0
202,حضرت آسیہ رضی اللہ تعالی عنہا ایمان شوہر فرعون چھپایا فرعون پتہ,2
203,ڈاکٹر طارق سلیم امیر ضلع گجرات منتخب,2
204,جنرل ضیاع ال یک دور دیکھا جان سکتے لوگ کرب گزرے پچھلی ٹویٹس ملاحظہ,0
205,لاہور جانوروں گوشت قبضہ,0
206,چندے انقلاب انقلاب بہاگنا تہا جہاز کنٹینر جہاز ا,0
207,مذہبی امور وزیر سردار محمد یوسف رکن قومی اسمبلی محمد صفدر اسلام آباد وزیر اعظم محمد نواز شریف ملاقات,2
208,لاہور عوام مینڈیٹ دھرنوں فرق پڑتا صوبائی وزیر قانون,2
209,پاکستان قومی کرکٹ ٹیم سابق کپتان شعیب ملک باوٴلنگ ایکشن مشکوک قرار روزنامہ اردو پوائنٹ,0
210,بھارتی مقبوضہ کشمیر بین الاقوامی مبصر تعیناتی خطے پائیدار امن کیلئے ناگزیر,2
211,نئ گیند,2
212,اسکاٹ لینڈ لوگوں ریفرنڈم حق کشمیر یوں کوکیوں مختلف ممالک بیٹھے سفارت کاران معاملات کام اویس لغاری,2
213,آسٹریلوی ماہرین طبی میدان اہم کارنامہ مردہ دل کامیاب پیوند کاری,2
214,رانا مشہود رانا مشکوک,0
215,سبزے کہیں جگہ ملی بن روئے آب کائی غالب,2
216,پاکستان تعلیم کہاں,0
217,پیپلز پارٹی ھی نعرہ کرحکومت رھی اورمکرتی رھی کیاپوچھاکبھی کدھرھے روٹی کپڑا اورمکان,0
218,بجلی قیمتوں 52پیسے فی یونٹ اضافے امکان,0
219,ٹویٹر معاشرے تباہی برائیوں جڑ سعودی مفتی اعظم,0
220,آخری فتح خاموشی آواز فنا,2
221,بلدیاتی الیکشن کرانے تیار الیکشن کمیشن اجازت via,2
222,سیدنا عمر فاروق رضی اللہ عنہ محبت وجہ دیکھا آدھی دنیا حکمران سر نیچے اینٹ درخت سائے تلے سویاہے,2
223,کہاں بھیا کینیڈا شوکت خانم ہسپتال پیدا چندے انقلاب,0
224,اووووووئے پاکستانیوں دس بیس روپے چندہ دھرنے سکتے چندہ سکتے ناں چندے انقلاب,2
225,لوگوں زمانہ آدمی پرواہ ہوگی حلال حرامصحیح بخاری,0
226,فرانس ڈرونز ریس لگاتے نظر پیرسکار ریسنگ بائیک ریسنگ ماضی قصہ ہوگئی,2
227,اعصاب شکن میچ کپتان غلطیاں عمران خان,0
228,® مریم نواز بحیثیت چیئرپرسن یوتھ لون اسکیم تقرری وفاقی حکومت جواب طلب ہائی کورٹ وفاقی حکومت وزیر,0
229,بس دل چاہ ڈائلاگ مارنے,2
230,لوگوں شکریہ کہنا جوپٹوریوں زبان جواب اورکا دفاع وغیرہ,2
231,خوبصورتی انتہاء,2
232,عمران بچوں صحیح تعداد بتا ڈوب ٹیسٹ نشئی نھیں ھے چیک کروا لوگ حمایت کردیں,2
233,بھوک مر خودکشی غریب مرتے انقلاب فکر حکومت,0
234,اچھا اچھا صدر گھوم پھپھا دکان لائف بکس نام کراچی کمپنی فاران بکس نام,2
235,تماشے تمنا ھے,2
236,عوامی تحریک جمعہ ایبٹ آباد جلسہ انقلابیوں اگلا پڑاؤ ایبٹ آباد ہوگا,2
237,بازؤوں محروم امریکی نو جوان ماہر گٹارسٹ بن نیویارک امریکہ تعلق,2
238,نورا رشتے دار سوار,0
239,اگرچہ انسان مقدر رزق ملتا رزق تلاش سستی کرنی چاہیے,2
240,اورنگی ٹاؤن بچوں پولیو وائرس تصدیق,0
241,ملک مذہب نام فرقہ واریت آگ بھڑکائی ملک کھوکھلا طارق جمیل,0
242,اسلام آباد دھرنا ختم پارٹی کارکنان زہر اگل سربراہ دن دن رات,0
243,اگرزمینی حقائق بتلاتے خنریزسیاسی سرگرمی,0
244,لاہور انٹری ٹیسٹ ختم معاملہ زیر غور صوبائی وزیر رانا مشہود,2
245,کراچی ایدھی سنٹر ڈاکے مرکزی ملزم گرفتار عیدھی صاحب سالہ دلہن کڑوڑوں روپے اڑی,2
246,کرکٹ بیکار ٹیم پاکستان قیمتی زرمبادلہ خرچ جیت سکتے دفع,0
247,لگ یو پاکستان میچ آسانی جیت,2
248,دیکھو نعرے مت مارو نشئی عمران ذریعہ معاش بتادواگر پتہ ھے لاکھ درجے خود دار ھوں کھاتا ھوں,2
249,قادری صاحب سمجھ تے تسی,2
250,حضرت اسما بنت یزید روایت رسول اللہ صلی اللہ علیہ وسلم ارشاد فرمایاکہقیامت دن لوگ زندہ وسیع ہموار,2
251,کمیشن نےنندی پوربجلی منصوبےمیں تاخیرکاذمےداروزارت قانون کوقرار تاخیرکے باعث وزارت خزانہ ارب روپے نقصان وزارت پانی بجلی,0
252,صلی اللہ علیہ وسلم فرمایا اگرجھک عاجزی اختیار عزت گھٹ جاے قیامت دن لینا صحیح مسلم حدیث,2
253,نواز شریف استعفے بغیر کنٹینر نکلوں عمران خان جھوٹے روز نکلتا بنی گالا پ,0
254,پیپلز پارٹی ہمشہ سندھ کارڈ استعمال الطاف حسین,2
255,دبئی ٹیسٹ یونس خان نام ٹیسٹ اننگز سنچری لگاکر پاکستان تاریخ سنچریاں بنانے کھلاڑی بن,2
256,یہقاں فالوور جان اٹک لیڈر سوال جرات,0
257,منڈی بہاوالدین شیخ علی پور قریب نامعلوم نوجوان نعش برآمد,0
258,عوامی تحریک دھرنا ختم اسلام آباد عید سماں,2
259,زبردست دن تہا آج پاکستان کرکٹ ٹیم احمد,2
260,قرآن سنت روشنی لفظ مہاجر حرمتی فتوی جاری کیاجائے احتجاجی پروگرام انعقاد بھوک ہڑتال,0
261,دبئی پہلا ٹیسٹ پاکستان آسٹریلیا کیخلاف ٹاس جیت بیٹنگ فیصلہ,2
262,بریکنگ لاہور مردہ جانوروں گوشت فراہم کاانکشاف,0
263,پاکستان آسٹریلیا ٹیسٹ سیریز قبل بین الاقوامی کرکٹ کونسل ٹیسٹ رینکنگ جاری کردی,2
264,حر لشکر یزید ھوں حسین کربلا پہنچا,2
265,جناب اسپیکرلاہور میٹرو بس منصوبہ ارب کروڑ لاکھ روپے سالانہ خسارے چل دستاویز,0
266,کپتان نہی بولا ہمیں PAT دوستو نہی بولناہمیں راستے چلنا منزل جانب بڑھنا انشااللہ نیا پاکستان,2
267,بالکل بھائی سیاسی دھرنا مذہبی اجتعمات پہ پابندی لگنی چاہییے,0
268,غازی تربیلہ گورنمنٹ پرائمری اسکول الدو دوران اسمبلی بجلی تارگرگئی11طلبہ جھلس کرزخمیاسپتال منتقلپولیس,0
269,حقیقت ھے لوگ سیاسی قائدین پہ اندھا اعتماد,2
270,دوست بہتر اکیلا,2
271,عوام مصروف رکھو بیوقوف بناتے ملک لوٹتے رہوصوبے ڈرامہ رچا تے کراچی عوام بیوقوف بنا تے,0
272,چور شور مچاتا ھے کورٹس زندہ آباد قادری عمران مبشر سازشی مردہ آباد,2
273,بات کہنی وعدہ نبھانا ہواسے آواز واپس بلانا ہوہمیشہ دیر مدد,0
274,تحریک انصاف استعفوں تصدیق کیلئے اسپیکر پیش فیصلہ کرلیا سچ ٹی وی,2
275,محرم کاچاند نظر آگیا کراچی ڈی جی رینجرز محرم دوران اسلحہ چلنے کیخلاف سخت کارروائی کیہدایت,2
276,﷽ قل ھواللہ احد اللہ الصمد لم یلد ولم یولد ولم یکن لہ کفوا احد,2
277,سابق چیف جسٹس پاکستان شدید خطرات لاحق via,0
278,بات ماننے تعامل مقصد کامیاب نظام کاری ضرب ضرور,0
279,چابی بابا ڈیزل خان گیم ضمنی انتخابات تحریک الزام خالی سیٹوں الیکشن لڑے تحریک انصاف مجبورا سپورٹ,2
280,نو منتخب امیر جماعت اسلامی ضلع اٹک اقبال خان حلف,2
281,نیا لڑکا شاہ اخیر ٹیلنٹ تعریفیں,2
282,منڈی بہاؤالدین انڈر ٹری پرائمری سکولاکیسویں صدی جہاں پوری دنیامیں سائنس ٹیکنالوجی کاراج,2
283,غذائیں رکھیں سدا جوان,2
284,جوانوں حاضری لگانے وقت چکا آفواج پاکستان زندہ باد,2
285,دامن حیات رہافردا سرد آگ حالات جل کلیات چٹک شاخوں پہ آبلے غنچوں مہکتوں ہاتھ جل,0
286,الھم صلی علی محمد ﷺ,2
287,قادریBVسے بولے ڈاکٹر دانتوں کیڑا بتایا ھے بیوی ڈاکٹر آپکو بماری سہی بتائ جگہ غلط بتادی ہنسنا منع الوداع انقلاب,0
288,نیلے پاسپورٹ حفاظتی چھتری تلے لوگ,2
289,مینار پاکستان تکمیل تحریک پاکستان ایجنڈے کولے ملک بھرمیں تحریک پھیلائیں امیر صوبہ ڈاکٹر وسیم,2
290,نھیں ھوگااسکا نوٹس سپر کورٹ خود لینا چاہیے بھت پھلے کوکین گولی نت نئے مزے مدھوشی,0
291,ذیاد کدھر ھو بھائی دھائی ھے دھائی قادری ھڈی چڈی کینیڈا گاپھر اگلے سال,2
292,کوئٹہدہشتگردی منصوبہ ناکامدھماکا خیز مواد برآمد,2
293,ہن تے سردیاں گیی ین لسی ویسے مک جے,2
294,تحفظات دور بجائے معطل جاوید نسیم,0
295,ملک بھر سردی جھلک دکھلا,0
296,جماعت سندھیوں جذبات کھیل مہاجر قابض جبکہ دوسری جماعت مہاجروں جذبات سندھی قابض,0
297,دولت زبان ذاکر دل شاکر زن فرمانبردار ھے امام غزالیجس بیوی گھر نوکر سواری ھو بادشاہ ھے مجددالف ثانی,2
298,زیر نظر تصویر نوجون قیادت پیچھے جماعت پوری قیادت صحیح اسلامی جمہوریت کہتے تقوی,2
299,مشیر عہدے کیلئے لطیف بٹ جگہ خالد محمود,2
300,نومنتخب ضلعی ذمہ داران جماعت اسلامی راولپنڈی جنرل سیکرٹری راجہ جواد احمد نائب امراء سجاد احمد عباسی ابو عمیر,2
301,لوگو کتاب خزانہ علم چشمے بن روزانہ اللہ روزی مانگو روزی نقصان عمر,2
302,ساقی محفل ھم جام اچھالیں گر کچی ملی کام ڈیزل چندے انقلاب,2
303,مٹھائی امپائر انگلی کھڑی کھائیں جنریٹر ڈیزل منگوا لوں,2
304,مولانا ڈیزل ڈیزل خان شرمناک سفرڈیزل ڈیزل,0
305,گھپلا,0
306,اسلام آباد پشاور محرم الحرام چاند نظر اگیا اھل اسلام نیا سال مبارک ھو,2
307,محرم الحرام چاند نظر آگیا نیا ھجری سال مبارک,2
308,اہلی رکنیت معطلی باوجود افس قبضہ قبضہ گروپ سیٹوں چھوڑنے تحریک,0
309,تحریک انصاف صدرہاشمی حساس وقت ساتھ چھوڑ خان کوفرق پڑا قادری پڑے تحریک انصاف ممبر,0
310,تہمتیں لگتی روشنی خواہش گھر باہر سزا ملتی لوگ لوگ خبر جاناں,2
311,دہشت گردی اموات سال زہریلی شراب وجہ دہشت گردی قدرتی آفات گھٹیا شراب غریب مرتا,0
312,کینیڈا پارلیمنٹ فائرنگ ویڈیو جاری,0
313,دبئی ٹیسٹ پاکستان اوپنرز رنز آؤٹ دبئی ٹیسٹ میچ پاکستان ٹاس جیت آسٹریلیا,0
314,حضرت امام حسین صبر شکر توکل رضائے الہی کائنات انسانوں کیلئے علم عرفان مینار,2
315,لاہور وائرس مریضوں علاج تربیت جارہی ڈی جی ہیلتھ,2
316,قیامت نشانیاں,0
317,کھیل کھیلا ہجر جھیلا گزر جاناں سوال موسم,2
318,سال انصاف مل گیادہلی عدالت اجتماعی ریپ کیس پانچ قصورواروں عمر قید سزا سنائی,2
319,جی دوستوآج کاسوال کیمرہ ایجاد جواب انعام جیتیں,2
320,پی ڈائریکٹرز تقرر اجازت کام کررہے,2
321,بنوں دوستانہ میچ ڈی پیز شاہد آفریدی الیون جیت,2
322,طاہر القادری پاکستان تین مہینے تھاویزے مدت ختم دہرنا ختم اورقادری ملک روانہ,0
323,لوگ جنھوں ہندوؤں دیکہا دیکہی کل دیوالی منا ئ یامبارک باددی پوچھنا کہنیکسٹ,2
324,منہ توڑ جواب پاگلوں جنگی جنون معصوم لوگوں قتل عام بس کہانی,0
325,اجے دیوگن فلم ایکشن جیکسن پہلا پوسٹر جاری,2
326,پیار بھرے شرمیلے نین چندے انقلاب,2
327,پرواز جاں حائل سانس ٹوٹے پروں دل بستی رونقیں چند اجڑے گھروں,2
328,پاکچین سرحدوں نگرانی کیلئے بھارت ڈرون طیارے استعمال فیصلہ روزنامہ اردو پوائنٹ,2
329,آروائی اربوں خرچ کرکے اتنی پبلیسٹی حاصل کرسکتاتھاجتنی لوھارراج شاہ لوہا نواز بند کرکے رھے ھیں,0
330,دانشمندی وزیر اعظم استعفے مانگتے مانگتے خود استعفی دیدیں تحریک انصاف اسمبلیوں شک استعفے,0
331,غلط انسان ریٹ پوچھ پتا ریٹ بتادے اصل ریٹ ٹویٹ سرکار پوچھیے,0
332,کہیں فٹ,0
333,پاکستان تحریک انصاف 29اکتوبر استعفوں معاملے بات کیلئے اسپیکر قومی اسمبلی پیش فیصلہ,2
334,بہترین لوگ بہترین نیت رکھتےھیں وجہ سےرب کاموں سنوار ھےاور کام رب سنوار,2
335,دلالوں اصلیت چھپی کل نظام لپیٹنے باتیں آج کھسیانے نظام,0
336,ڈیزل ڈیزل کردی آپے ڈیزل,2
337,کاخسارہ مار,0
338,صحرائے سینا ہنگامی حالت نفاذ مصر حکومت مختلف حملوں فوجیوں ہلاکت,0
339,دن مرنے ساری زندگی جینا پڑتا,0
340,حضرت عمر زمانہ خلافت جامع مساجد تعداد بارہ ہزار پہنچ چکی از نظام الحکومۃ الاسلامیہ جلد دوم,2
341,مریم نواز بحیثیت چیئرپرسن یوتھ لون اسکیم تقرری وفاقی حکومت جواب طلب,0
342,اہل نظر رائے نئے صوبوں تقسیم ممکن,2
343,ثریااب ٹویٹیں مارے گاڈ,0
344,PTI اچھی پالیسی مختلف بہانے کرکے کیس تاخیرمیں ڈالتے عوام معصوم بن کرجھوٹ بولتے ہمیں انصاف مل,2
345,برس بہار بصیرت ڈس فکرو نظر جھومتے باغات جل ساغر کٹے کٹے ستارے بجھے بجھے شائد نصیب دن رات جل,0
346,حکومت ماروی میمن خسرو بختیار وفاقی وزیر بنارہی جبکہ شاہد خان چئیرمین نادرا بنارہی جسے تحریک,2
347,اپ ڈیٹ ٹھیک,2
348,ہاہاہا ہزارہ کھڑا حضرت صاب کھڑے رلانے پلان,0
349,بھارتی الیکشن کمیشن کامقبوضہ کشمیرمیں نام نہاد انتخابات اعلان نئی دہلیبھارتی الیکشن,0
350,ڈآکٹر دانش سوال آر وائی ٹیوٹر اکائونٹ ہیک شخص ٹیوٹ ے,0
351,محبت جوانوں ڈیزل پے ڈالتے کمند علامہ عمران اقبال خان,2
352,زندگی لہو نام زندگی آرزو ے خام زندگی حسرت بھری فریاد زندگی یاد سوزش درد جگر,0
353,مشورہ ھے چندے انقلاب ممکن بنی گالا کنکشن بحال ھوجائے پختون ڈیزل ھی کام چلایے,0
354,کمال داستان سنو چھوڑا چھوڑ,0
355,پاکستانی قوم جاگ ھے ڈیزل قیمتیں بڑھ,0
356,کہنا چاہتے دہشتگردی روکنے کیلئے ضرب عضب آپریشن روکنا,0
357,دن دین فہم پیدا دن سارے مولویوں دوکانیں بند بہاگنا پڑ,0
358,رونا دل مضبوط ہوجاپھر توڑ سکے زویہ,2
359,میٹھی پیا میٹھے,2
360,کاجو ذیابطیس مریضوں انتہائی مفید,2
361,ایم کیو ایم سندھ حکومت آزاد جموں کشمیر حکومت علیحدگی اعلان ڈاکٹر فاروق ستار,0
362,لوگ فرشتوں بنے پھرتے ہتھے چڑھ انساں,2
363,صاف چلی شفاف چلی تحریک انصاف چلی,2
364,لوگوں دھرنے چندہ مانگنے کنال بنی گالہ گھر پیج دھرنے خرچے پورے,2
365,اپ مدعا سمجھے,2
366,نیوز سنگدل شخص بیوی بچے فائرنگ کرکے قتل کردیا پاکستان,0
367,استیعفی مانگنے چندہ مانگنے آگئے,2
368,لاہور شہباز شریف ہزار پرائمری سکولز بند کروادئیے چودھری پرویز الہی,0
369,گنجو فوٹو شوٹ,2
370,کاش مفتی محمود رات صبر قوم اتنے حادثے بچ جاتیکاش ڈیزل پیدا,0
371,ہاتھا پائی اتر لوگ ڈ,0
372,ریاست خلافت اسلام محافظ مسلمانوں امور نگہبان ھوتی ھے فرائض ادائیگی ترک ھے,2
373,کچی شراب پی قائم علی شاہ شہیدھوگئے پٹواریوں اطلاع شاہ جی چیتا از عصر جلایا,0
374,الہی محبوب کل جہاں دل جگر سلام پہنچے نفس نفس درود پہنچے نظر نظر سلام پہنچے صلی اللہ علیہ وسلم,2
375,لمحہ فکریہ,0
376,حضرت علی رضی اللہ عنہ کہتے رسول اللہ صلی اللہ علیہ وسلم فرمایا مہدی اہل بیت,2
377,ڈیزل آنکھیں دھرنا چیخیں,0
378,دوبئی ٹیسٹ دن پاکستان آسٹریلیا خلاف بیٹنگ مشکلات شکار میچ پی ٹی وی سپورٹس براہ راست,0
379,رسم قل جلد آذادی چوک ادا جاے,2
380,اللہ تعالی ہمیں باعلم باعمل بزرگان دین صحبت نصیب فرمائیں اخلاقی تربیت ہوسکے گناہ ارادوں علاج کرسکیں,2
381,شکل دلبروں خو ستمگروں لب سکوت دریا آنکھیں سخنوروں,2
382,جسٹس منصور علی شاہ ریمارک بتایا عوامی ٹیکسوں حاصل رقم سیاسی مقاصد استعمال سکتی,0
383,وادی ہنزہ خواتین کوہ پیمائی اسکول,2
384,انٹرنیشنل اسکواش عامر اطلس ٹائٹل حصول محروم,0
385,سلسلہ وار پڑھنے,2
386,بریکنگ دبئی ٹیسٹ دوسری اننگز یونس خان آسٹریلیا خلاف سنچری مکمل بریکنگ دبئی ٹیسٹ یونس خان,2
387,آسٹریلوی ٹیم پاکستان سکور بھی341 رنز پیچھے,2
388,میاں صاحب بھارت خلاف بات پٹواری ایٹم بم بنایا,0
389,نیوز پاکستان عوامی تحریک سربراہ طاہر القادری بیرون ملک جائینگے,2
390,مسلم لیگ پرچم دفن بندہ ڈائیریکٹ جنت جاے جھوٹا آدمی ہاشمی ہاشمی,0
391,آج مضمون عنوان بھائی اللہ بھائی بنایا لوگوں,2
392,پاکستان جانب انضمام الحق ٹیسٹ کرکٹ سنچریاں,2
393,لبرل بنتے اقلیت اکثریت ھوتے ایران عراق شام عمر عثمان عائشہ نام لٹکا,2
394,پنجاب ضمنی الیکشن حصہ طاہر القادری سچ ٹی وی,2
395,آج دن عاشق نبی لازم اعلان اےبھارت کشمیر کل آج,2
396,چندے انقلاب سیاست چھولے کھانے,2
397,امریکاویسٹ پام بیچ علاقے بارش نظام زندگی متاثر,0
398,جھپٹنا پلٹنا پلٹ جھپٹنا لہو گرم ھے اک بہانہ ڈاکٹر طاھر القادری اسلام آباد دھرنے پورے ملک,0
399,پنجاب مزید افراد ڈینگی وائرس شکار,0
400,ساے جتنی ھے ملکیت ⁰⁰باقی ھے تجاوزات ھے,2
401,اسپورٹس پاکستان پھرین ٹیسٹ جی بی اننگ تی ڈکلیئر کری آسٹریلیا رنسن ٹارگیٹ ڈئی چھڈیو,2
402,زندگی پشیماں ڈھونڈتی حیلہ مرے مر,0
403,کور کمیٹی اجلاس نومبر دھرنے متعلق بات شیریں مزاری,2
404,کرپشن باوجود ترقی کب چکی,0
405,سید خود مہاجر خورشید شاہ کیسا سید جسے سید ندامت جاگیردار فخر,0
406,لاہور جی پنجاب مشتاق سکھیرا زیر صدارت آر پی کانفرنس,2
407,اسلام علیکم اللہ خوش سلامت آمین صبح جمعہ مبارک,2
408,ثمینہ صاحبہ خوش آمدید ویلکمجی آیاں نوں فالو یو بیک ایز ریٹرن محبت,2
409,مزا درد محبت درد دوا مت,0
410,ئی بات ٹھیک ہوجائیں,2
411,بھائی زرداری صاحب سیاست بجائے کرپشن بچا,0
412,عربی سیکھو عقل پختگی مروت زیادتی پیدا ھے سیدنا عمر فاروق,2
413,راولپنڈیاے این ایف نظیر بھٹو انٹر نیشنل ایئر پورٹ اسلام آباد سمیت مختلف شہروں کاروائیاں 6کروڑ روپے,0
414,یار کرپشن ایشو اقربا پروری فنڈز ناجائز استعمال تھانہ پٹواری کلچر چیلنجز,0
415,بےشک اللہ لوگوں ظلم نہےں لوگ ہیاپنی جانوں ظلم ہےں سورہ یونس,2
416,بجلی کٹ لہذا چندہ براے ڈیزل چندہ,0
417,عمران خان صاحب 30اور اگست درمیانی شب یقینا یاد انکے رفقاءاور کارکنان جلسے چکے,2
418,آج نئی پیپلز پارٹی خبریں گردش,2
419,طاہر القادری محرم الحرام یورپ شمالی امریکا دورہ ذرائع قادری پردیسی لگاہے,2
420,لیاری گینگ وار اہم کردار شکیل بادشاہ قریبی ساتھی الطاف بابا گرفتارکراچی پولیس لیاری گینگ وارکے اہم,0
421,حکومت سیاسی قائدین کوتحفظ ناکام ہوچکی شیریں مزاری,0
422,اک پڑی فکر,0
423,لاہور سروسز ہسپتال یو قائم کردیا ڈی جی ہیلتھ,2
424,مولانافضل الرحمان عورتوں متعلق بات انتہائی شرمناک شیریں مزاری,0
425,کل سنا ھے جیو نیوز پہ عمران خان پرانا انٹرویو چلایا جیو معافی مانگنے ھے ویسے فائدہ جیوکا ھے,2
426,اصل نیازی مالداری دل نیازی مالداری ھے سیدنا عمر فاروق,2
427,شخص غلط فہمی,2
428,صحبت اثر صحبت ملنا بہی نصیب بات,2
429,بریکنگ سلیم گرفتاری کیلئے لیاری اورکورنگی چھاپے مارے پولیس ذرائع,0
430,فیصلہ عوام دا پرویز راٹھور حرام دا سیاسی لطیفے,0
431,چاند تارے خوشبو اچھے لگتے,2
432,جی ڈی ایل شیئرز سکوک غیر ملکی ادائیگیوں بہتری امید اسلام آبادآئن,2
433,حضرت امام حسین رضی اللہ عنہ,2
434,دیکوں دیکوں ایا شیر شکاری ایا,0
435,مریم نواز یوتھ لون اسکیم چیرپرسن تعیناتی خلاف درخواست ہائیکورٹ سماعت,0
436,السلام علیکم باغ آزاد کشمیر ساتھی باکس جزاک اللہ,2
437,قادری اعلان دھرنے آخری مناظر چند لمحات تصاویر,2
438,کپتان مصباح الحق کہنا کارکردگی مطمئن کینگروز خلاف کامیابی نئے کھلاڑیوں اعتماد ہوگا,2
439,چندہ جانور بالوزن سیاسی جانور ہوتاہے فرمودات فریڈرک عمران اینجلز خان,0
440,بوٹسوانہاین خامہ دوسری مرتبہ ملک جمہوری صدر منتخب بوٹسوانہ ڈیموکریٹک پارٹی عام انتخابات نشستیں حاصل کیں,2
441,دیکھیں بات بالکل درست ھے سڑکیں بلاک طور درست انکا نام ٹویٹر حقیقی زندگی احترام لینا چاھئے,0
442,دقیق باریک گتھی اپ سلجھائیں,2
443,تحریک انصاف دوست دل کھول برا بھلا کہیں گالیاں وقت ثابت فیصلہ,0
444,دل ترستا مراسم ترک تعلق بہانے مانگے,0
445,پیار بار ہوگا بار بار ہوگا,2
446,پیمرا ایکشن پرزور مذمت آج سانپ سونگھ کراچی اکثر علاقوں نیوز چینلز نشریات بند,0
447,آبرو کوچے نکلے,0
448,جلسہ ضلع گجرات تاریخ ناقابل فراموش,0
449,یورپ کینیڈا امریکہ عوام پیسے زیور سخت حفاظت ورنہ چندے انقلاب,0
450,کشمیر صورتحال اقوام متحدہ خاموش سکابھارت سخت جواب,0
451,تاریخ سبق سیکھو,2
452,دھرنے خاتمے منفی بیان بازی وزیر اعظم ہدایتاسلام آباد وزیر اعظم میاں محمد نواز شریف,0
453,گھنٹے,1
454,لوگوں دل پیندے برتنوں مانند ھوتے ھیں خواہ کتنی ھی محبتخلوص توجہ خالی,0
455,شاہد آفریدی ڈی پیزالیون نمائشی میچ ایس پی آرکو ہرا,0
456,سندھ قوم شناخت برقرار الطاف حسین مہاجر نواز شریف پنچابی پی پی سندھی ووٹ بٹورا نتیجہ,2
457,گو بلو رانی گو سن بلاول عوام کتے جتنا عزت بہی,0
458,بن بلائے آجاتا سوال کرتایہ تیرا خیال آخر خیال,0
459,تحریک انصاف استعفوں موقف قائم نظام تبدیلی چاہتے شیریں مزاری,2
460,کلاسک ویڈیو گیم شکل بنایا منفرد کیک نیویارک کیک خواہ سالگرہ ہویا,2
461,قادری صاحب ڈیل ہرگز,0
462,انسان سخت جان بات تصور برداشت حقیقت بن ٹوٹ پڑتی چﭗ چاپ برداشت,0
463,ایبولا وائرس ہلاکتوں تعداد ہزار ہوگئی ڈبلیو ایچ,0
464,زنجیر مری وحشت برابراک ٹھہرنے,0
465,دس روپے کالے بکرے سری مانگیں چندے انقلاب,0
466,کاش ڈیزل مولانا بنایا دھرنے قادری جگہ اٹھایا,2
467,بطح منہ سوہنا سمجھ,2
468,مارڈالے گایہ احساس اجنبی ہوگیا لہجہ اپنوں,0
469,پاکستان مسلم لیگ ن انتخابی ترانہ,2
470,ڈھائی ارب روپے سگریٹ پھونک مفت پیئے,0
471,میاں صاحب پیغام بار ضرور دیکھیں شئیر کنجوسی ویڈیو دیکھیں,0
472,طلب پہ عہد وفا آبروئے وفا گئسر عام مدعی ثواب صدق صفا,0
473,یکم محرم الحرام یوم فاروق اعظم رضی اللہ عنہ ملک بھر مذہبی عقیدت احترام منایا جاے سیدنا عمر فاروق,2
474,سیالکوٹ پاکستانی فورسز بھارتی فائرنگ منہ توڑجواب دیاآئی ایس پی آر,0
475,لاہور طاہر القادری ماڈل ٹاون من واقع رہائش گاہ اطراف سیکورٹی الرٹ,0
476,دہشتگردی جاں بحق گریڈ ملازمین اہلخانہ لاکھ روپے امداد ملے,0
477,آدمی بیٹے سمجھانے شیشے کھڑا پوچھا بیٹا شیشے نظر,1
478,یونین آف جرنلسٹس لاعلمی بہترین مثال,0
479,اتفاق پرچہ حل کیلئے جارہاہوں بجے پیپر ہء,2
480,بالی وڈ اداکارہ ریکھا سپر نانی بن گئیں,2
481,زاہد شوخی رندانہ دیکھنارحمت باتوں باتوں بہلا پی گیاسر مستی ازل یاد دنیائے اعتبار ٹھکرا پی,2
482,RT زرداری زبان چندے لفظ منہ نکالا ٹوٹ پڑے اسکی اپیل لوگوں سمجھاشاید چندے دیوار چندے,0
483,دھرنا ختم عوامی تحریک کارکنان پھوٹ پھوٹ روپڑے,0
484,تبدیلی تبدیلی آگئی,2
485,دبئی ٹیسٹ کھانے وقفے پاکستان وکٹ رنزاظہر علی یونس خان رنز ناٹ آؤٹ,2
486,عمران خان کنٹینرسے نکل کراس چھت پہنچے اورکئی لمحے طاہر القادری کنٹینرکی لوگوں کوسامان باندھتا دیکھتے,2
487,اسلام آباد بیٹھے عوام شعور بیدار ڈاکٹر طاہر القادری,2
488,تبدیلی ڈول بجانے عملی کام ھے,2
489,کہانی الجھی الجھائی عقدہ کھلے گاجب تماشا ختم,0
490,گریڈ ملازمین انتقال خاندان لاکھ روپے,0
491,خان صاحب شرمناک اندازگفتگو بارے کیاکہیں شیریں صاحبہ,0
492,دماغ دلیہ,0
493,استعفی باغی جتنی ہمت,0
494,بتاو کیسا لگتا ویران رستے انجان رستے ساتھ مل جاناخوشی پھول کھل جانابتاو کیسا,0
495,چھاپہ مار ٹیم ٹاپ ٹریٹمنٹ نام قائم فیکٹری سیل کردیا,0
496,انل نریندر بچوں جنسی استحصال بڑھتے واقعات باعث تشویش مس,0
497,۱۲اگر انسان اللہ کےدرمیان تعلق اصلاح لےتو مخلوق تعلق معاملہ اللہ کافی ہوجاتا,2
498,نبہیا چوہدری مبینہ خود کشی ذہنی دبائو نتیجہ قرار,0
499,پوتن روس اسرائیل دوستانہ تعلقات نیتن یاہو کردار حد سراہا,2
500,شرمناک پراپگینڈامیرا بھائی جامع گجرات پڑھتا رپورٹ,0
501,اللہ ذات پاک خوبیوں والیاور تیرا نام برکت والااور شان اونچی سوا معبود <,2
502,تحریک انصاف اسمبلیوں استعفے دیدے سیٹیں ن لیگ مولانا فضل الرحمان این پی ایم کیوایم چلی,2
503,رسول اللہ صلی اللہ علیہ وسلم سودکھانے وکیل اسکے کاتب گواہ لعنت فرمائی فرمایا سارے برابر مسلم,2
504,رو عمران رو قوم حسڈھیٹ غیرت چکی احساس کرپٹ حکمران انکے ساتھ,0
505,راؤ روشنی لیول اوپر گیم,0
506,مسائل آگاہی شور بہی دل کہول بیان کوئ حل بتاتے ملک سیاست دانوں جاوید چوہدری صاحب,0
507,حضرت عمر سعد بن وقاص نام فاروقی حکم نامے لکھا جومال تقسیم بچ قرآن تعلیم حاصل مشاہیر الاسلام,2
508,آج پٹواری کہتا اسلام کہتا گھر بھاگ غلط کام انکی آپس شادی کروا دویہ کونسا اسلام,0
509,کام,0
510,آہٹ جنبش دستک ہوتیہمارے شہر ویراں فرصت موسم,0
511,اندازہ ہوجائے بغیر ادھورے لوگ مذاق بنا آپکو ادھورا چھوڑ زویہ,0
512,کب چکا ہوائیں,0
513,مریم نوازکی یوتھ لون اسکیم چیرپرسن تعیناتیکےخلاف درخواست ہائیکورٹ سماعتمریم نواز تقرری بنیاد گئیجسٹس منصور علی,0
514,قرض اتارو ملک سنوارو غریب شلوار اتر قرض مزید بڑھ,0
515,پیار چھوڑے نیچا دیکھائے,2
516,لڑکی فاقہ کش بدصورت نظر,0
517,جان لیوا تہیں خواہشیں ورنہوصل انتظار اچہا تہا,0
518,راولپنڈی فتح جنگ وین ٹینکر ٹکر لوگ فوت زخمی جماعت اھلسنت کراچی حضرت عمررضی شھادت موقعے ریلی نکالی,0
519,شکریہ مت ضرور وج خان صاحب خیال چاھیے,0
520,کینیڈا پارلیمنٹ فائرنگ ویڈیو جاری کینیڈا پولیس پارلیمنٹ حملے ویڈیو جاری,0
521,جواب چائے غریب کارکنوں لوٹا سابت قدم ظالموں ظلم بغیر مشورہ دہرنا ختم,0
522,ممبر چچا چنگم جانب بلاول کراچی جلسے تقریر زبردست پیروڈی بھابی بھابی,0
523,زخم ناسور بن زخم لگانے فراموش ممکن ہوجاتا بات سمجھ زخم اٹھاتا,0
524,مرو جیو,0
525,اسلام آباد قادری دھرنے آخری رسومات جاری ہیںاس قل 23اکتوبر ایبٹ آباد ہوگااور شہر مزید رسوم ہونگی,0
526,سودکھانے وکیل اسکے کاتب گواہ لعنت فرمائی فرمایا سارے برابر ہیںفرمان S A W W,0
527,کراچی نیوز چینل بندشایم کیو ایم پاکستان مسلم لیگ زندہ بادپاکستان ملک شہنشاہوں بدمعاشوں,0
528,سائنسدانوں حیرت انگیز طلسماتی چھتری ایجاد کرلی via,2
529,دنیائے حادثات اک درد ناک گیتدنیا حادثات گھبرا پی گیاکانٹے خیر کانٹے گلہ کیاپھولوں واردات گھبرا پی,0
530,چکے ھو ہجرت کمال ھو,2
531,شیو ٹویٹ بغیر ٹائپو ڈ,0
532,کہیں پڑھا جمیعت علما پاکستان بریلوی فقہ علما یاد ٹھیک,0
533,وچ داڑھی اسلام کوئیبن عملاں قرآن کوئیجے مکراں باز آؤے ملاں جیہا ایمان کوئیجے گر پا دیوے,0
534,عمر نام لیوا نصب العین حق کوشی باطل سر خم سیدنا عمر فاروق,0
535,لاہور سعد اختر بھروانہ ڈی جی ٹریننگ تعیناتنوٹی فکیشن جاری,2
536,آقا صلی اللہ علیہ آلہ وسلم صحابہ صحبت وجہ اتنے پختہ ایمان یقین تہے مرشد عکس تہا,2
537,دبئی ٹیسٹ پاکستان خلاف آسٹریلیا آٹھویں وکٹ رنز گر,0
538,ن لیگ پارٹی جوضیاکی بندوق زور پہ وبائی مرض پہیلیجبکہتحریک انصاف آہستہ آہستہ خوشبو اثر دکھا,0
539,گاڑی نمبر ڈیزل چور ھے چندے انقلاب,0
540,پراٹھے مچھلی چائے عمران خان ساتھ,2
541,کتاب دستک انتساب زندگی رشتوں نام عجیب ھیں غریب محبت اذیت نایاب,2
542,جلسے ناکامی غصہ جیو نیوز نمائیندے اسکا کیمرہ توڑ نکالا خان جی حقیقت چھپا نھی سکتے,0
543,بلوچستان جنگلی کتوں آزاد چھوڑنے وزیر اعلی کہتے حالات خراب غیرملکی ہاتھ شامل,0
544,قادری انکل کفن سلوایا نواز حکومت کہاں,0
545,کیمیا پڑھ پڑھ تنگ آچکی,0
546,لوہا نائلون پرانا پلاسٹک ٹین ڈبے پتریاں گراریاں پرانے ٹائر ٹیوب چیزیں چندے انقلاب کافی مددگار سک,0
547,انقلاب طعنے مارے شھید کردو,0
548,ہمیں آج پتا لعنتی ابو لولو فیروز مزار ایران حیرت,0
549,شاہد آفریدی الیون ڈی پیز الیون ہرا,0
550,شکریہ مٹھائی کھانی,2
551,مسلمانوں نیا اسلامی سال مبارک دعا اللہ تعالی مسلمانوں کرم رحمتیں برکتیں نعمتیں نازل فرمائیں آمین ثم آمین,2
552,اسلام آباد دھرنوں موزوں امیروں شہر ریڑھی غریبوں خرچہ نکل,0
553,برازیل بصارت محروم خواتین ڈانس اسکول کھول گیاجن مہارت داد بغیر,0
554,نیا بلاگ کب پوسٹ,2
555,بجھی بجھی شام شعر یاراں,0
556,عدالت چالان موصول ملزمان خلاف ٹرائل شروع,0
557,چلو دیر ہنستے محبت پرعنایت پرکہ بنیاد باتیں سبھی رشتے سبھی ناتے ضرورت یجادیں کہیں مرتاکسی واسطے جاناں,0
558,اللہ اکبر مولانا جی بات ھے,2
559,جمعہ مبارک دعا یاد رکھیں شکریہ,2
560,تحریک انصاف عوامی تحریک سوشل میڈیاوار کمزور گیدشمن موقعمت تبدیلی متحد,0
561,پیپلز پارٹی حکومتی تعلقات ختم کررہے فاروق ستار,0
562,بلائنڈڈولفن واپس دریائے سندھ چھوڑ,0
563,ملا اذاں مجاھدکی اذاں ملک زیشان اشرف جانب شاندار کمنٹ,0
564,س ٹیسٹ امپائرز انگلینڈ کیٹل برو جنوبی افریقہ ایراسمس سری لنکا رنجن مدوگالے میچ ریفری,1
565,کراچی بیشتر علاقوں نیوز چینلز نشریات بند,0
566,ایم کیو ایم منانے کوشش کیرحمان ملکگویا بار خود ذلیل واپس جاویں طاھرکینیڈوی ذلیل رسوا,0
567,دھرنا ختم عوامی تحریک کارکن رو پڑے خبر لوگ شئیر دن رات,0
568,دبئی ٹیسٹ میچ پاکستان بیٹنگ,1
569,لطف عطا ہجر وصال تھامرے موسموں مزاج داں کتنا خیال تھاکسی چہرے,2
570,وجود چادر تنگ گمان,0
571,کادری دھکا چاھیئے,0
572,سمارٹ فون عادیوں ڈجٹل ڈیٹاکس کیپ ڈیجیٹل کھلونوں لت مبتلا لوگ علاج,0
573,سیتا وایٹ وقوعہ مملکت خداداد پاکستان حدود باہر اسلامی حد لاگو سکتی,0
574,شفقت ھن جناب دیناراض مرا ویر,2
575,نبی اکرم صلی اللہ علیہ وآلہ وسلم ہزاروں کڑوڑوں درود سلام,2
576,نون لیگی جھیلتی عجیب وقت سڑے سڑے,0
577,کراچی باپ بیٹے اورسابق ایف ملازم سمیت افراد ہلاک,0
578,آج کارٹون لمبی ٹانگ کرکٹر پارلیمنٹ کیلن بولڈ نظر,0
579,آج بیس سال عزیز تعلیم سلسلے امریکہ مقیم,2
580,دبئی ٹیسٹ پاکستان گرفت مضبوط,0
581,ڈیرہ غازی خان تھانا گدائی زیر حراست ملزم مبینہ طور خود آگ دیزخمی ملزم اسپتال منتقل کردیا پولیسAUS1968,0
582,راولپنڈی ترقی بجائے تنزلی رفتا ر تیز کرپٹ اشرافیہ بیرون ملک اکاؤنٹس بھررہی جماعت اسلامی,0
583,شہدا پکارا کوفردوس بالا خانوں راہ وفا کٹ آے کوپیارہے جانوں 28ذوالحج یوم شھادت محمد عثمان باغائی,2
584,نماز فجر چند جنونیوں مسجد سپیکر دہاوا ٹارچر کم شور,0
585,منٹو شرمندہ آج دل چاہاکہ ترتیب ٹہیک کردوں امرتا پریتم نچلی شیلف دیکہ آنسو حلق اتارے,0
586,السلام علیکم صبح بخیر اللہ تعالی بخشش مانگو شک اللہ تعالی بخشش مہربانی,2
587,ٹرین رفتار کلومیٹر فی گھنٹہ منٹ وڈیو ٹرین تقریبا لمبائی ہوسکتی,1
588,نیوز چینلز پرائم ٹائم انقلاب اٹھ گیاخطرہ انقلاب روح رواں قبض شکار لہذا وقت اسبغول پی,0
589,کرکٹ الف ب پتہ جنونی فائدہ سلیم یوسف,0
590,بچے غیر سیاسی,1
591,پانچ فیصد دیوبندی تکفیری اقلیت پچھتر فیصد سنی بریلوی صوفی اکثریت خلاف دہشت گردی کب فاروق چشتی,0
592,مقروض بگڑے حالات مانندمجبور ہونٹوں پہ سوالات ماننددل چاہت عجب حال,0
593,پاکستان لیڈر موت اتی ھے چینل بند دوڑتا ھے آپس بات ھے ن لیگی لیڈر گیدڑ فرق تلاش ناممکن ھے,0
594,ساقی محفل کچے جام اچھالیں ڈی چوک ڈیزل نہا چندے انقلاب,2
595,بس بھکاریوں توڑ انا کشکول در بام,0
596,پروفیسرغلام اعظم شہادتحکومت رویہ درست حمید گلمحسنوں بھولنا بدنصیبی اسلم بیگعوامی لیگ,0
597,لوٹ امیدیں ٹوٹ پائی بند پائے بہی در کہنا ملک عدنان احمد سہارا محسوس ریا,0
598,مفتی محمود تھاخدا شکر پاکستان بنانے گناہ شامل مفتی صاب مغربی جمہوریت حصہ دار بن کرسرحد وزیر اعلی لگ,2
599,دعا ھے نیا اسلامی سال ھمارے ملک کیلئے بہتری مسلمانوں نئے اسلامی سال مبارک,2
600,سوال چائے اصلی وطن جواب نمبر پہ,1
601,پی مالی بحران شدت اختیار کرگیا,0
602,پشاور آب درہ روڈ واقع پلازہ سلنڈر دھماکہ دھماکے خاتون سمیت 2ا فراد زخمی,0
603,بکھری تری زلف شانہ مٹی ملا حریفوں تدابیر وادی کشمیر,0
604,دیکھ ہمیں چپ چاپ گزر شخص پیار,2
605,ر بچے سکول موجودگی یقینی بنانے ریاست تعلیمی معاملات نمٹنے نئی قوت ساتھ عزم یقینی,2
606,پاک ایران گیس پائپ لائن امریکا پابندی عائد کررکھی وزیر پٹرولیم,0
607,+ سوشل میڈیا پرختم نبوت کام بہتر منظم انداز جاسکے ساتھی کل کانفرنس شرکت لازمی بنائیں چناب نگر کانفرنس,2
608,انقلاب کدھر اک شہر آباد اجڑ,0
609,ملک انصاف ملتا حق بول بالا ملک نقصان اہل انصاف,0
610,ناچ گانے پاکستان چاہیے بیٹی اچہا ناچتی راناخطابت ٹہمکے ساتھ ساتھ شرمیلا,0
611,تئیس اکتوبر عوامی تحریک جلسے ایبٹ آبادجاؤں گاطاہر القادری,2
612,لاہور محرم سیکیورٹی کیلئے انتظامات حتمی شکل,0
613,آج قادری صاحب عمران خان مایوس ڈیل نتیجے دھرنا ختم فیصلے کئی,0
614,انصافیوں ٹرینڈ احوال اوریجنل ٹرینڈ = ریٹویٹس = ریپلائیز =,1
615,آسٹریلیا کیخلاف سال اننگز سینجریاں اسکور,2
616,مسجد ریپ امام سال قیدصرف بیس مزید پڑھیں,0
617,لاہورنان روٹی مقررہ قیمتوں فروخت یقینی بنا انتظامیہ,2
618,جہلمتحریک إنصفاف سونامی لہریں سولہ نومبر جہلم ٹکرایں,0
619,جنگلا بس بنانی ملتان پینے صاف پانی جنگلا بس بنانی ملتان ساری سڑکیں,0
620,ھم شھزاد کوروتے ھیں سیانہ بیانہ معین خان سیلفیاں لیتاھے,0
621,کوہلی انوشکا کب شادی کررہے عامر خان فکر لاحق ہوگئی via,0
622,سکو بتانا دور بس ڈھونڈھتا پھرا,0
623,لاہور مدعیہ پسند شادی بیان برقرار,2
624,بجلی قیمتوں اضافہ واپس,2
625,سر جی,2
626,گلی پھرتا ھے رات بھر گلے نیند تعویز ھوئے,0
627,ایم کیو ایم دھمکی آمیز خطوط بھیجے نما ایم کیوایم آصف حسنین,0
628,ٹھرکی یاد کہاں آجکل,0
629,حسان ریاض جیت رہاحسان ریاض جیت مبارک مبارک مبارک,2
630,انکو,1
631,لاہور رانا ثنااللہ نوٹس پنجاب اسمبلی سیکرٹریٹ پتے بھجوا دیاگیا,0
632,فرشتہ بھیڑیا طاہر القادی کتنے بکے ورثا دیت,0
633,رقم پہر خاں صاحب بات,0
634,خلیفہ ہارون رشید,2
635,یونس خان آسٹریلیا خلاف ٹیسٹ سنچریاں سکور کرنیوالے چالیس سال کھلاڑی بن,0
636,سانحہ ہزارہ ملزموں جلد از جلد گرفتار عبدالمالک بلوچ,0
637,حضرت عمر اکثر عمر اونٹ چلانے آج اسلام کہاں پہنچا,2
638,سوت دھاگے ٹوٹ تھاوہ چرخہ گھمائے یاد,0
639,ویسے بیمارکا علا ج جاتاھے مردے کانھیں نورے زرداری علاج نھیں ھو مر چکے ھیں تدفین باقی ھے,0
640,پشاور یونیورسٹی روڈ السیدپلازہ قریب دھماکا,0
641,مولانا صاحب عزت لوگ والد صاحب وجہ کل مدرسوں کئی سوالات اٹھ سکتے,2
642,رفاقتیں بھولے بغیر لمحہ سوگوار ھوتا,0
643,سمجھ آرہی مولویوں نبی کریمﷺ وارث سمجھتے لوگآی عقل ٹھکانے,0
644,سعودی عرب القاعدہ حمایت خواتین سزائیں,0
645,محترم محترمہ خوش آمدید ویلکمجی آیاں نوں فالو یو بیک ایز ریٹرن محبت,2
646,اسم گرامی عمر لقب فاروق کنیت ابو حفص سیدنا عمر نسب مبارک نویں پشت سیدنا محمد ﷺ ملتا سیدنا عمر,2
647,پارلیمنٹ صوبائی اسمبلیاں وفاقی صوبائی حکومتیں عوام پریشانیوں معاشرے بدترین ٹوٹ پھوٹ خبر,0
648,اکتوبر گجرات جلسہ حلقہ عوام بھرپور شرکت چوہدری زبیر احمد ٹانڈہ,2
649,بات ٹھیک سکتی کوی خاتون صحیح حقیقت حال واضح سکتی شکریہ,2
650,پوچھا زندگی ہنس دئیے پھول رو پڑی شبنم,0
651,نئی نظریاتی ونگ سہرا آزادی مارچ کامیابی نظریاتی,2
652,لاہورشہرمیں مردہ جانوروں گوشت فروخت انکشاف فروخت ہونیوالےگوشت مردہ گھوڑے اورگدھے گوشت شامل,0
653,لاہور پیپر ری چیکننگ چار ہزار پانچ درخواستیں موصول لاہور بورڈ,0
654,پی ٹی آئ الیکشن ضمنی ھونے پانچ فی صد ٹرن آوٹ ھوگا ھونگے,0
655,ڈرتا دیکھ دل آرزو سنسان گھر ہومہمان,0
656,دیکہی نذریں اتاریاں سارے جہاں اچہی آنکہیں تمہاریاں,2
657,راولپنڈیفتح جنگ قریب مسافروین ٹینکر ٹکر بچے جاں بحقدس افراد زخمی زخمیوں چار خواتین شامل زخمی تحصیل ہیڈ کوارٹر اسپتال منتقل,2
658,لاہور جاں بحق رانا اشرف ورثاء لاش سڑک رکھ احتجاج شروع کردیا,0
659,اللہ وے ماہی تیرا پیار دل اوداسی نی جاندی,0
660,کراچی گیارہویں آرٹس ریگولر پرائیویٹ نتائج اعلان,2
661,ڈیزل ڈیزل کپتان ڈیزل,0
662,دن خچروں ہیروں درمیاں کھڑا جاوے,0
663,پاکستان آسٹریلیا ٹیسٹ سیریز قبل بین الاقوامی کرکٹ کونسل ٹیسٹ رینکنگ جاری کردی,2
664,جادو بہری آنکھوں سنو دیکھا,2
665,تنگ چکے کشمکش زندگی ہمٹھکرا جہاں کہیں دلی,0
666,سال عمر بھٹو پہلی مرطبہ منظر عام جنرل ایوب خان حکومت وزیر پٹرولیم بن محنت,0
667,پاکستان تشدد پسندیبے حسی دوسروں تکلیف دیکھ خوش رجحان بیماریوں اضافہ ھو رھا افسوس انسان,0
668,آخری سرحد سوچ,0
669,غازی تربیلہ اسکول بجلی تار گرگیا 11طلبہ جھلس کرزخمی,0
670,مضبوط کرپٹ مافیا بگاڑ بس اللہ ملک عوام پہ رحم فرمائے آمین,0
671,چیچہ وطنی حکام عدم توجہی امراض قلب یونٹ تالے پڑ,0
672,خواب دیکھنے کرومنیر نیازی,0
673,عالم پناہ جان شکر,2
674,یونس خان ریکارڈ ساز سنچری آسٹریلیا دبئی ٹیسٹ جیتنے رنز ہدف درکار,2
675,توکیاوہ کوہرجرم سزا گاپھراپنے رحم کرم ثبوت گامیں روز حشر قائل ھوں ہنستا ھوں بندہ خدا حساب,0
676,سالا چار اوورز وکٹ گرے میچ بورنگ بورنگ لگنا شروع,0
677,مقامی سیشن کورٹ نواز گھمن سکنہ ڈھک,0
678,ایم کیو ایم سندھ حکومت آزاد کشمیر حکومت علیدگی علان فاروق ستار,0
679,ٹریفک بہاؤ خلل پیدا انسٹھ تجاوزات قائم سات مقدمات درج کرائے,0
680,ایدھی سنٹر ڈاکے مرکزی ملزم سابق ملازم نکلا,0
681,اسکا حل,0
682,ھاھاھاھا سمجھاوش یو گڈ لک یور فریڈم,2
683,حضرت ڈی جے بٹ لبے بالاں سرکار مقبرھ ادھر بنے,0
684,کتنے خوش نصیب لوگ اللہ رب کائنات ماہ محرم نواسہ رسول امام حسین علیہ السلام ذکر ذکر سننے چن,2
685,اللہ ملک محسن عمران خان کامیابی عطا فرما کبہی مخلوق جہکاہمیں اسکا ساتھ توفیق عطافرما,2
686,رقص پاؤں زنجیر دیکھشاہ,0
687,لاہور وزیر اعلی نوٹس داد رسی مظاہرین,2
688,طاہر القادری صاحب ہاشمی بنیاد انکشافات کب شروع,0
689,جدو جہد جہاں ھو مقدرات حکومت ھیں فرمان خلیفہ,0
690,پیتل بالیوں بیٹی بیاھ باپ کام سونے کان,0
691,انقلاب واسطہ چھوٹے چھوٹے دھرنے چندے انقلاب,0
692,حاضرین یاسین ملک یادوں کھو کرآبدیدہ,0
693,مقصد چھوٹی موٹی ڈیزل چوری جائز,0
694,بات ھے پی پی ٹی آئ جیتے لکھوا لوگ کہتے ھیں حجروں گھروں ھم سنتے ھیں,2
695,کراچی حیدرآباد ایم کیو ایم مظبوط اسکی وجہ پیپلز پارٹی بیڈ گورننس اربن سندھ نظر انداز,0
696,دور جاہلیت ابو جہل انکا اصلاح واسطہ انکو سرداری عزیز,0
697,گھنٹے بجلی,2
698,حلقہ بندیوں الیکشن کمیشن موجودہ ممبران مستعفی ہوجائیں گھیراؤ جاسکتا u,0
699,کراچی پاکستان بنایا پاکستان ہجرت خواجہ اظہار الحسن,2
700,تورات ھی بتادیا برا ھوگا براھوگاپاکستان 72ٹیسٹ,0
701,سرجی مسکین لوگ آں ڈان کتھوں,0
702,تھر بچے بھوک پیاس مر کہتے سندھ ڈیسوں,0
703,سالا چوتیا,0
704,لاہورپسند شادی لڑکیاں حالات سمجھتیں جسٹس قاسم خان,0
705,کام بارے سوچنا چھوڑ سکتے کام پایہ تکمیل پہنچانے کیلئے کوشش چھوڑیئے,0
706,بھول ھیں عمل نھی بات,0
707,دیکھے ہنگام محبت آغاز رسوائی انجام رسوائی,0
708,آج ملنگی اداس,0
709,مجاہد اعظم مولانا غلام اعظم جوانی بڑھا پے صبر عزمیت مسلسل جدوجہد تاریخ رقم,2
710,خطا آدمی ملا,0
711,حملوں خوفزدہ حملہ آور نو مسلم واچ لسٹ کینیڈین وزیر اعظم,0
712,گناہ انسانی روح زہر درجہ,0
713,ہلکی غذا سوپ پیو,2
714,پرواہی برباد,0
715,بادام بیش بہا فوائد حامل جسمانی دماغی قوت قوت حافظہ اضافہ دماغ آنکھوں بہترین,2
716,لاہور اجلاس صدارت خواجہ حسان,1
717,سر جیبائیس توپوں سلامی ھے عقل اتنے تجربے ملکی نقصانعمر حصے بحدآگئی آپکے بقولقوم احسان ھے,0
718,چشم فتنہ گر ساقیء میخانہ برسوں سےکہ باہم لڑ شیشہ پیمانہ برسوں سےاقبال سہیل,0
719,پتھرو اوقات ھے کیااس شخص دل اف توبہ,0
720,آگیا ماہ محرم بچھ فرش عزا عرش انسو بہانے آگئی فاطمہ ع شیئر کمینٹ,2
721,حجر اسودوہ سیاہ پتھر بیت اللہ جنوب مشرق دروازے بائیں کونے باہر نصب پتھر جنت زمین,2
722,جذبات واقف قلمدھرنہ لکھوں ڈرامہ لکھا,2
723,عزیزوں نشے لعنت بچائیں,2
724,نئے بجلی میٹرز حوالے خبریں بنیاد وزیر اعظم معائنہ کمیشن,0
725,ڈالر کمال جناب,2
726,چہرے پہ کئی چہرے سجا لوگ,0
727,فلسفہ محبت تقریب رونمائی براہ راست نشر,0
728,بجلی نرخوں اضافہ نگران حکومت خواجہ آصفتب وزیر بجلی مصدق بات پرمیاں ساب کوبہت پسندآئے آج مشیرشریف,0
729,BBC Urdu ایشیا قدیم محمد ن سپورٹنگ کلب مشکلات,0
730,اہتمام علماء انوکا اجتماع سنی شیعہبریلوی دیوبند اہلحدیث مکاتب فکرکے علماء چھت نیچے جمع1 جگہ باجماعت نمازکی ادائیگی,2
731,عشق روگ مار ھیں,0
732,یاسرٹھیک ھے ذوالفقار پلے ایجڈ ھے فاسٹ بالروں کاتواللہ ھی حافظ ھے,0
733,مہدی روحانی آیی ایس المصطفی یونٹ گمبہ سکردو کا34 واں صدر منتخب,2
734,ہوگا اسطرح حسن شباب ریت گلشن بتول تہے سارے گلاب ریت عشق لٹائیے عشق بچائیے آل نبی لکھا سارا نصاب ریت,2
735,سر جی ترجمہ,1
736,بس پڑوس ملک جاننے کافی,2
737,گلی گلی نگر نگر عمر عمر سیدنا عمر فاروق رضی اللہ تعالی عنہگلی گلی نگر نگر عمر عمر سیدنا عمر فاروق رضی اللہ تعالی عنہ,2
738,کپتان صاحب چندہ خدا اتنا بتا کتنے اسکول بنائے کہاں پہنچا چندے انقلاب,1
739,دبئی ٹیسٹ پاکستان آسٹریلیا رنز ہدف اسٹریلیا رنز بنا نقصان,2
740,لاہور ہسپتال غریبوں مفت علاج ہوگا,2
741,یزید وکا لت حسین نجات سفینہ نظر آتاہے چہرہ کربلا بس اک آئینہ,2
742,امریکہ انگریز سنگر پاکستان حق اردو زبان گانا پاکستانیوں دل جیت,2
743,عمران نیازی روبوٹس ڈکشنری الگ ٹرم معنی رائج ڈکشنریوں الگ,0
744,ساڈے پینڈوواں دیاں مانواں شہر وچ وی پرانے طریقے نئیں چھڈدیاں چھج نال گندم صاف پسوانی,2
745,مطالبہ ائینی خالد مقبول صدیقی,2
746,ڈانگ بردار پشتون انصافی وارننگ شاٹسکے باوجود جتنے دھرنامکینوں بات ہوسکی افراد چندہ اکھٹاکرنے جوش روزی کمانے بیزارتھے,0
747,پہر بہائی مجہے DM بتا جاننا چاہتا,2
748,دعا خوبصورت عمل مانگنے پریشانیاں مشکلات,2
749,ہاہاہاہانا یار اگلی دفعہ کوشش لینا p,2
750,وگوں دھرنے چندہ مانگنے کنال بنیگالہ گھر پیج دھرنے خرچے پورے,0
751,ڈیزل ڈیزل کردی وے آپے ڈیزل ہوئ سدو وے مینوں ڈیزل خان عمران آکھے کوئ,0
752,لفافہ ھے چیز جہان تگ پہناتا ھے شرم تاج سر دارااقبال معذرت ساتھ,0
753,رسول اللہ فرمایاتم پہلی امتوں لوگ فرشتے باتیں تہے امت ہوتاتووہ عمرہوتے,2
754,بچوں تعداد ھے چار بتادو کھو زکوات کھانی بند کردے ٹیسٹ کرواکے بتاؤ عمران نشئی نھیں,0
755,فضا گرایا امریکی اسلحہ دولتاسلامیہ ہاتھ لگ رپورٹ,0
756,ملول دل آئینہ اک خراش بعدجو پاش پاش اک خراش,2
757,سپریم کورٹ حلقہ پی پی تین بتیس بورے رکن پنجاب اسمبلی یوسف کیسال رکنیت بحال,2
758,طارق بن زیاد آج زندہ عمران خان اتناضرور کہتے بیٹا کشتیاں جلانے اورلڑکیاںنچانے فرق,0
759,طارق بن زیاد آج زندہ عمران خان اتنا ضرور کہتے بیٹا کشتیاں جلانے اورلڑکیاں نچانے,0
760,ملک جاری سیاسی صورتحال نتیجے کراچی اسٹاک ایکس چینج کاروباری ہفتے دوران ا,0
761,لاہورملاقات وفاقی اورصوبائی کابینہ ممکنہ ردوبدل پرتبادلہ خیال,2
762,پیپلز پارٹی جانب الطاف حسین خلاف تضحیک آمیز رویہ اپنایا مزید پڑھئے,0
763,خودکشی حرام توبہ توبہ,0
764,کوئ امکان ملنے بات جی چاہتا ھے,2
765,بات وزن,2
766,اکثر کہتی اکثر کہتی تھیوفا ذات عورت مرد درد تے,0
767,انقلاب نامی کیڑا بر صغیر پایا دنیا بھر انقلاب تر انقلابوں کیڑا,0
768,لالے جان کشکول ہاتھ خلیفہ کہیں کہیں,2
769,ملک لسانیت عصبیت خاتمے ضروری نئے صوبوں تقسیم نسل لسان بنیاد انتظامی بنیادوں تقسیم کیاجائے,2
770,ہاشم ویلفیئر سوسائٹی رجسٹرڈ پنڈی ہاشم ایدھی سنٹر کراچی ڈکیتی دلیرانہ,0
771,حکومت سیاسی قائدین کوتحفظ ناکام ہوچکی شیریں مزاری,0
772,فلمی ستارے علماے کرام خدمات شخصیت متاثر از خود کھنچے چلے,2
773,قائد انقلاب ڈاکٹر محمد طاہر القادری محاذ بدلا منزل,2
774,ررلٹ دیکھ ابو نےصرف اتنا کہافرازبگ بوس چاہتے گھرسے وقت دفعہہوجائیں DVia,0
775,پنج پیر اجتماع براہ راست دیکھنے کیلے تصویری جھلکیوں کیلے فیس بک کاوزٹ,2
776,بنگلہ دیش سیاسی پارٹی جماعت اسلامی سابق سربراہ غلام اعظم انتقال,0
777,بات توجہ ذی الحج مھینہ کتنے دن پاکستان امید ھے تکلیف نھیں ھوگی,2
778,اوئے ے ے ے ڈڈو ھمارے گھر لڑائی پڑوانے,0
779,RT شیری مزاری پاکستان تیل کھداٴں ی ناگن ڈانس چندے انقلاب,2
780,= اسلام آباد مشرف کیخلافغداری کیس سماعت بغیرکارروای 29اکتوبرتک ملتوی کردی گئ,0
781,وھ تہی دست خوب کہانی گر تھاباتوں باتوں چاند,2
782,خیبر ایجنسیباڑہ سپاہ شدت پسندوں ٹھکانوں ہیلی کاپٹرز شیلنگ,0
783,بریکنگ نیوز ٹویٹر جلن جیالے پٹواریوں غیر آئینی قبضہ رایوینڈ بلاول ہاؤس مٹھائیاں تقسیم,2
784,چلو مہاجر چلتے دکھہ ں ختم پھلتے کلیم الطافی,2
785,ڈاکٹر طاہر القادری جانب دھرنا اچانک ختم اعلان اندرکی کہانیتفصیل لنک,2
786,پٹواری پوچھتے دھرنوں عوام فائدہ پہنچ,2
787,دہشتگردی جاں بحق گریڈ کیلیے لاکھ گریڈ لاکھ روپے امداد ملے وزیر اعظم میاں محمد نواز شریف,2
788,ویلے انکار بچپن اساں یار گللاں چنگیاں تے ہندکو پوٹھوہاری سمجھنے خاص,0
789,ویسے زندگی موت اللہ ہاتھ بلٹ پروف گاڑی داد بہی زیادتی ہوگیآج یہودیوں بنائی,0
790,شرم لوگ نام,0
791,اج پرابلم ٹیوٹر ٹھیک اپڈیٹ ھورہاٹیوٹر,0
792,آج کوئٹہ جمہوریت گاڑی حملہ گاڑی بلٹ پروف وجہ جمہوریت بچ P,0
793,حکمران اچھائی توقع سود اپنوں نواز تے غریب عوام بھاڑ بلا,0
794,اللہ رب العزت ذکر کیجیے سکون قلب حاصل کیجیے سبحان اللہ الحمد للہ اللہ أکبرلاالہ الا اللہ لاحول ولاقوۃ الا باللہ,2
795,سیکیورٹی خدشہعمران خان کنٹینر پیچھے کنٹینر رکھ,2
796,تے چاچے قادری نوں ایویں ای چھڈ,2
797,انقلاب پھٹے نوٹ بطور چندہ چل چندے انقلاب,2
798,خواجہ سرا آصف شرم,0
799,قادری عمران دھرنا چٹخارے دار چاٹ مصالحہ مکس,0
800,بات بات قسمیں کھا جھوٹ بولنے حوس اقتدار مارا لیڈر,0
801,پاکستانی کرکٹ ٹیم آج آسٹریلیا ساتھ آفریدی میچوں میچ,0
802,چندے انقلاب سوچ سات توپوں سلامی,2
803,عابدشرلی شرلی دھماکہ کم بدبو پھیلاتی,0
804,لاہور دھرنوں اورجلسوں قوم آگاہی شعور پیدا کیاچودھری پرویز الہی,2
805,علاقے دل عزیز معروف شخصیت,2
806,گہرے ہلکے ہلکے گہرے چھاے شام ساے دھیرے دھیرے ہولے ہولے دل دھڑکن گاے پروا سنگ سنگ گونجے بن بن کوئل,2
807,بات محرم چاند کہتا سال بھر مرا دل کربلا,2
808,درد دل لوگ دھرنے شامل ھونے تمنا دوست دھرنے ختم ھونے افسرد ہ ھیں بساط,0
809,پاکستان مسلم لیگ ن روشن پاکستان نشان,2
810,حالات مطابق فیصلے لینا پڑتے عوامی تحریک سرمایا داروں جماعت انا خاطر اتنے ریسورسز,0
811,منوں ڈیزل تھوڑا پوا نچاں ساری رات ٹنکی فل کرا نچاں ساری رات,2
812,بسم اللہ الرحمن الرحیم السلام علیکم آج جمعہ مبارک = ذوالحج= اکتوبر = کاتک = 2071مطیع اللہ راشد,2
813,خوبصورت نظم یاروں مبارک عمرابن خطاب خدا مانگا دعاؤں جواب سیدنا عمر فاروق رضی اللہ تعالی عنہ,2
814,پانی سر اونچا ہوچکا بات ناقابل واپسی پہنچی فاروق ستار,0
815,سندھ پیپلز پارٹی شان دار کارکردگی کب ہمیں زندہ لوگوں احساس,2
816,آج آپکو راز بتائے ھوں ڈیچوک انقلابی بابا موجود میڈیا لاعلم رہااس ڈرامہ,2
817,خورشید شاہ توہین رسالت توہین صحابہ مرتکب تھانہ سکھیکی منڈی ضلع حافظ آبادمیں درخواست جمع,0
818,ویسے مشن مینوں نوٹ ویکھا موڈ بنے کھان قادری,2
819,ڈاکٹر طاہر القادری دھرنے کیلیے فنڈز جمع کیلیے بیرون ملک فیصلہ عمران خان دھرنے کیلیے عوام فنڈ اپیل,0
820,خدمت جذبہ ساتھمل کام انشاء اللہ آج کل بھیہمارا انشاء اللہ,2
821,عطا اللہ بندہ نواز صبح محتاج رحمتوں نزول دعاء پینڈو,2
822,آفریدی زیر قیادت ڈی پیز پاک فوج درمیان نمائشی میچ جاری,2
823,پاکستان سکور وکٹ نقصان پاکستان رنز مجموعی برتریاحمد شہزاد اوریونس خان ناٹ آؤٹ,2
824,درست غصہ ہوش گنوا,0
825,قومی اسمبلی دوہری شہریت الیکشن لڑنے اجازت بل پیش جنوبی پنجاب الگ صوبہ بنانے مسترد,2
826,سندھ ایم کیو ایم آزاد کشمیر حکومت الگ گئیوقت ایم کیو ایم برطانوی حکومت الگ اعلان کردے,0
827,لاہور میٹرو بس آمدن کروڑ روپے اخراجات 2ارب کروڑ روپے نقصان ارب کروڑ روپے حکومتی اعدادوشمار,0
828,سزا ملے احساس ھوتا ھے وقت ھے مبشر گناھوں قوم اللہ معافی مانگے,2
829,افسوس معاشرھ بحث الجھا ھے ویسے بتادوں ایڈوانٹیج خاتون ھونے,0
830,پشاور پولیو مہم7 لاکھ زائد بچوں پولیو قطرے پلائے پشاورپشاور پولیو مہم,2
831,چندہ تبدیلی لاؤں چندہ تبدیلی لاؤں چندے انقلاب,2
832,سات سمندر پار پیچھے پیچھے آگیا,2
833,پتا تازہ ترین قرآنی تحقیق پتہ اللہ مخلوق خالق وجود تخت,2
834,لاہور ایبولا وائرس نمٹنے پنجاب تیاریاں شروع,2
835,امریکی ڈانسرز بلند عمارت لٹک رقص,2
836,عہدوں معاملہمعین خان پی بی درمیان سرد جنگ,0
837,بسم اللہ الرحمن الرحیم السلام علیکمآج بدھ = ذوالحج = اکتوبر = کاتک = 2071مطیع اللہ راشد,2
838,مٹھی غذائی قلت بچے جاں بحق مزید پڑھئے,0
839,ٹہیک ناچیں,2
840,سرزمین شام ولولے آج ابن قاسم فسانوں کھوگے ھیں نبی ﷺ امت تن رستا خون پوچھتا,0
841,لاہورضلعی انتظامیہ رنگ روڈ بادامی باغ قریب چھاپا فروخت ہونیوالےگوشت مردہ گھوڑے اورگدھے گوشت شامل,0
842,دفعہ اللہ شخص پیغام بول ٹویٹ اندرونی تذبذب رفع اسوقت خلجان مبتلا,2
843,میرپورخاص سیال کالونی معمولی تنازع فائرنگ نوجوان امتیاز ناریجو جانبحق ہوگیا,0
844,کتے خواہشیں گلی کتوں ڈر بھاگو پیچھے پڑ بھونک بھونک,0
845,ذہنی غلام کہتے,0
846,آقا علیہ السلام مکہ دعوت حکمت عملی مدینہ ہجرت جانا,2
847,کشمیری برسوں بھارتی فوج مظالم برداشت کررہے انکے جذبہ حریت کمزوری حافظ محمد سعید,0
848,اللہ مع الصابرین گیدڑ سال زندگی شیر دن زندگی بہتر,2
849,پیپلز پارٹی رویے باعث صوبے جماعت بن فاروق ستار,0
850,سعودیہ عرب ٹریفک حادثہ پاکستانی جاں بحق ہوگئے,0
851,مزیدار کھانا کھانے بل منگوایا پیسے نکالنے کیلئے جیب ہاتھ بٹوا پا نادیدہ خوف,0
852,عمران خان لوگوں سیاست کیلئے سیاست گالی عمران خان پنجاب مقبولیت بڑھی,2
853,جنگی ساز سامان قبضے ویڈیو تحقیقات امریکہ محکمۂ دفاع دولت اسل,0
854,وزیر اعظم استعفی دھرنا ختم عمران مزید پڑھیئے,2
855,+ آسٹریلیا انڈیا دوسرے ملکوں بیٹھ روز شوشہ چھوڑ ملک محنت ضرورت,2
856,لاہور ہائی کورٹ سماعت دوران آر واے نیو پروگرام کھرا سچ پروگرام بند میزبان مبشر لقمان پرپابندی عائد حکم,0
857,خواجہ صاحب بارش گئئساڈے لائق کوئئ ہور حکم,2
858,فوڈ نام آملیٹ اسکی ترکیب پوچھنی,1
859,جمال حسن قرآں نور جان مسلماں قمر چاند اوروں چاند قرآں,2
860,راؤ بتانا اپ چسکا لینے ائے p,2
861,نظریہ شخصیات کامیابی انشاالہ قریب ہمیں بس دوسرے ضرورت نظریے اکھٹے متحد,2
862,محترم نواز شریف نون لیگ سادہ سوال,2
863,چل ٹھیک,2
864,ایڈا توں مڑیکا دا صدرمیں مصروف ھو نہہ,2
865,گلی گلی شور عمران خان ڈیزل چور چندے انقلاب,0
866,عشق خواب خیال آنکھ آنکھ نیند,2
867,جی بلکل کرپش انقلاب ہین,2
868,شش کلمے معہ ترجمہ,1
869,دوستو تنقید سوچیں دہرنہ ختم پہر دہرنوں اعلان حقیقت دہرنہ,0
870,کامران شفیع کہنا پاکستان پانچ لاکھ زائد افراد آن لائن کام کرکے پاکستان زر مبادلہ اضافے سبب بن,2
871,کابل مسجد ریپ امام سال قیدکی سزاسنادی روزنامہ اردو پوائنٹ,0
872,دوسرے اضلاع ٹریفک وارڈنز افسران وائرلیس سیٹ گاڑیاں ساتھ لائیں,2
873,لاہور محرم الحرام احترام دھرنا ختم گیاجلسوں سلسلہ جاری ہےچودھری پرویز الہی,2
874,سر جی عقل دانش سمندر ھم ڈنمارک فرانس برآمد بیچارے مستفید سکے ڈیموکریسی زندہ باد,2
875,بنگلہ دیش کھلاڑی کیخلاف عالمی عدالت,0
876,مریم نواز استعفی مانگنے چندہ مانگ واقعی عمران نواز منی لانڈرنگ چندہ مانگ,0
877,موبائل کراچی فری نیوز حاصل میسج ٹائپ بھیج بغیر چارجز,2
878,نھی شرم نھی انھوں شرم بیچ کھائ ھے,0
879,کچہ چیز مسلمانیتیری نگاہ فقیر رہبانیسکوں پرستی راہب فقیر بیزارفقیر سفینہ ہمیشہ طوفانی,0
880,شاباش اچھی تربیت زبان گھر استعمال کافی فائدہ فائدہ افاقہ ضرور ہوگا,2
881,حضرت عائشہ فرمایا محفلوں عمر تذکروں آباد جہاں عمر ذکر ہوگا عدل ذکر ہوگا,2
882,پانی سرسے گزرچکاہے فیصلہ تبدیل امکان فاروق ستار,0
883,کپتان سیاست نئی روایت,2
884,ملک بحث چل نئے انتظامی یونٹس قیام ہوجو لوگ تقسیم خلاف معقول جواز بس گاالیاں,0
885,اداکارہ سدرہ نور رشتہ ازدواج منسلک ہوگئیں,2
886,وجہ,1
887,ڈسکے ناچے,2
888,بس آواز سننے کان ترس اوووووووووووئے قادری ذلیل کرا,0
889,استعفی دوتحریک استعفی لواورچندہ دوتحریک بدل گئیمریم نواز کاٹویٹ,0
890,چلو کوئ پٹوارہوں خود وجہ تھوڑی دیر خوش,2
891,زندگیقدم گھسیٹ گھسیٹ چل دن لمبے جارہے دن سال برابر گھنٹاایک دن جتنا,0
892,اجیاکلکم واوا اودر تیان مارن واں,2
893,آپکی بات اتفاق رائے لینا سننا پسند عادی بھائی کام بات نئ پ سنتا,2
894,واہ غریبوں واہ مصیبتوں,0
895,مجیب الرحمن شامی پروفیسر غلام اعظم نذرانہ,2
896,قرب وفا سارے جھگڑے انا بات نیت وقت سارے دعا بھول,2
897,ڈی پیز کیلئے کھیلا جانیوالا امدادی میچ آفریدی الیون جیت,2
898,بدعا دنیا آخرت ذلیل رسوا,0
899,مرسو مرسو بھوکے مرسو مرو مرو بھوکے مرو,0
900,پوچھیں اچھا,2
901,ٹین ایجر بچے ھوتے,2
902,ساتھ مل ہنسے رونا چاہو دلاسہ مل جائں ساتھ رونے,0
903,اسلام آباد طاہر القادری دھرنا چھوڑنے سیاست خوش آمدید کہتے رحمان ملک,2
904,راے بلاول بھٹو زرداری = بھٹو کاٹا جاے مریم نواز شریفمریم صفدر لکھتیں,1
905,چندے انقلاب تھک پکوڑے تلنا,0
906,اضافی لوڈ شیڈنگ ذمہ دار ٹھیرایا,0
907,سیاسی جماعتیں چندے چلتی البتہ فیملی لمیٹیڈ کمپنی غلام احساس شعور عاری غلام ٹھہرے,0
908,آج ملک بھر یوم عدل بسلسلہ یوم شہادت سیدنا فاروق اعظم رض مذہبی عقیدت منایا,0
909,طاہر القادری نام کیسی انوکھی داستان سنا گیاایک شخص سارے ملک ماموں بن بنا,0
910,حس حکومتیں پشت باہر ہاتھ معیشت ایم ایف سنبھال جنرل حمید گل,0
911,کراچیلیاقت آباد ٹمبرمارکیٹ آتشزدگیکئی دکانیں جل گئیں,0
912,شدید کھانسی بھائی,0
913,فی الحال لطیفہ ڈیزل باقی ہیچ آج کل,2
914,اسلام آباد خورشید شاہ بیان پرانھیں وضاحت موقع جانا چاہیے حافظ طاہر اشرفی,2
915,سرجی فون تے نیٹ سلو ای سم تے اک حوالہ کڈ لنک سینڈ واں چیکنگ پا لوو,2
916,کراچی عاشورہ محرم عزادارن کوہرممکن سہولیات فراہم رکن قومی اسمبلی محبوب عالم,2
917,شہید پاکستان عبد القادر ملا پروفیسر غلام اعظم ساتھی ملک مشرقی بازو کاٹنے بھارتی سازش مقابلہ,2
918,سن رھا ھے دیکھ رھی ھو ں,2
919,رسول اللہﷺ اخلاق گر آدمی منہ کرکے بات کرتاتو متوجہ فارغ ہوکروہی آدمی چہرہ پھیرلیتا,2
920,متوجہ شکریہ ڈایلاگ,2
921,مزید جاننے لنک پہ,1
922,تنہا زندگی جینے مزہ خوشی غم,2
923,ہوشیار خبردار شھباز شریف چھوٹے بیٹے سلمان شھباز درد ناک دلخراش سکینڈل منظر عام پہ آگیا واہیات ناسور,0
924,جیو نیوز مسلسل گھنٹے افواج پاکستان ایس کیچڑ اچھالتا پیمرا چئیرمین سارا,0
925,لاہور بادامی باغ مردہ جانوروں گوشت پکڑا افراد گرفتارلاہورتاندلیانوالہ نیوز لاہور مردہ,0
926,دریا خاموش تھاجن بلا چاہتا تھاان طعنے سنتا تھادنیا,2
927,بہرحال حقیقت پتا جاری رکھیں,2
928,بنے نیا پاکستان ملک نام نہاد وارثوں خوش,0
929,لاہور دور حکومت ادویات مفت ملتی چودھری پرویز الہی,2
930,محمد ﷺ فرمایا جسکا مفہوم نبی عمر سیدنا عمر فاروق,2
931,چندے پیسٹریاں خریدی,2
932,چینل ٹائم چینل بتا دیکھ,2
933,وزیر اعلی یقین دہانی کرائی حکومت جرائم قابو پانے کیلئے وسائل بروئے کار,2
934,محکمہ موسمیات کیمطابق بحیرہ عرب کم دباؤ مزید شدت آرہی امکان آئندہ گھنٹوں سمندری طوفان تبدیل ہوجائے,0
935,پختگی میچورٹی ضرورت جسم ذہین درکار ہےکہ جسم عمر ساتھ ساتھ فطری انداز,2
936,چھوٹا بھائی صدمہ جلد نحوست بھرا فیصلہ,0
937,ریلوے شیخ بحال لال مسجد پہ ڈالتے ھو ھو اچھے کام پہ ڈالتے,0
938,بریکنگ دھرنوں روزانہ اخراجات کروڑوں روپے وجہ پارٹی فنڈز ختم,0
939,ویسے پراسرار پراسرار ڈائنیں,0
940,دبئی آسٹریلیا خلاف پاکستان پہلی وکٹگرگئیمحمد حفیﻆ بغیرکوئی رن بنائے آؤٹ,0
941,ورلڈ کپ جیتامیں ہسپتال بنایامیں سیاسی پارٹی بنائیمیں کنٹینر سیاست شروع کیمیں چندہ ٹیکنالوجی بام عروج پہنچایا,2
942,بریکنگ کراچیایدھی سنٹر ڈکیتی مرکزی ملزم مظہرکی نشاندہی پولیس چھاپے,0
943,شرمندہ مت کیجیے جناب,0
944,جہانگیرترینخورشیدقصوریاعظم سواتی پارٹی لگتا فقیر پی ٹی مانگنا عادت بس,0
945,دھرنے اچھا کامیابی ورنہ,2
946,سستی بجلی عوام جائز مطالبہ نواز شریف عوام جائز مطالبات چاہیے اللہ اختیار تقدیر بدلے,2
947,دہشتگردی جاں بحق گریڈ اوپر ملازمین اہلخانہ کروڑ روپے امداد ملے,2
948,ٹریفک چوک تلہ گنگ نام غازی میاں محمد شہید چوکجسے بھول تلہ گنگشہر معروف ترین چوک ٹریفک چوک کانام,0
949,روندے نوں ھسایا ای تے دس خاں پکھے نوں رجایا اع تے دس خاں راہ وچ پے روڑے نوں ھٹایا ای تے دس خاں پھٹ نوں سیتا ای تے دس خاں,0
950,منافق تین نشانیاں بات توجھوٹ بولے وعدہ تواس خلاف ورزی امانت رکھوائی تواس خیانت بخاری,0
951,احتجاج احتجاج احتجاج مہاجر قوم نسلوں بقا کیلئے گھروں باہر نکلیں کلیم الطافی~,0
952,لفظ مہاجر توہین خورشید شاہ سمیت پیپلز پارٹی رہنما رسوا ندیم احسان,0
953,جان ابھیمان پرنتو ابھیمان جان,0
954,بیان رسوائیوں ڈرتا,0
955,کینیڈا پارلیمنٹ فائرنگ ویڈیو جاری کینیڈا پولیس پارلیمنٹ حملے ویڈیو جاری,0
956,لفظوں کنکر پھینکو جھیل گھری خاموشی ھے,0
957,شب وصال جلدی آجاوے ہور ہانڈی توجہ مرکوز کرلے گھر پتا چلے منڈا جوان گوا,2
958,خان چھوڑ بحث فائدہ,2
959,سنا دھرنے مل کوئ چرسی ھے,0
960,بریکنگ دھرنوں تحریک انصاف عوامی تحریک کنگال دیابریکنگ پارٹیاں پہلی بار مالی بحران شکار گئیں,0
961,پاکستان ٹیم گھٹیا کارکادی دیکھ شیر یاد ایا شرم نھیں اتی,0
962,چوک مانگنے فقیروں جگہ پی ٹی ورکرز کام بھیجے,0
963,لعنت نظام ٹیکسی چلانے گریجوئیٹ ضروری مگرملک چلانے شرط پارلیامنٹ ختم,0
964,اسپیکر ذاتی طور پیش تصدیق ضروری ہوائی استیفے زبردستی,0
965,قادری کشتیاں جلاکر آیاتہاکشتیاں جلائیں گہر اورسامان جلایا,0
966,ہنہ کوتاہیوں سبق فرشتے غلطیاں کنٹینرخان,0
967,حملے ہورہے بتایا گناہ مولانا فضل الرحمان,0
968,آپکی ٹوئیٹس کہنے ماشا اللہ اللہ پاک ڈھیروں اجر عطا فرمائے آمین,2
969,کام لوٹنا,0
970,عوامی تحریک چیئرمین ڈاکٹر طاہر القادری شاہراہ دستور روزہ جاری دھرنا ختم جہاں حکومت ریلیف,2
971,دبئی آسٹریلیا مزاحمت جاری میچ آخری سیشن پاکستان وکٹوں ضرورت تازہ ترین اسکور,0
972,میٹرو بس منصوبہ ارب کروڑ لاکھ روپے سالانہ خسارے چل دستاویز,0
973,لاہور انڈر ٹیم اعلان سعود سکیل کپتان برقرار,2
974,شکریہ خیر مبارک آپکو مبارک,2
975,نقصان تھوڑا غریبکا جمع پونجی کاروبا تباہ ہوااورہاتھ کہتے حکومت ملے,0
976,چیرمین تحریک انصاف عمران خان کہنا محرم الحرام باوجود اسلام آباد محرم,0
977,پاکستانی فورسز جانب کوہستان مری مختلف علاقوں عام بلوچ آبادی نشانہ بنایا معصوم بلوچوں فضائی,0
978,علامہ مشرقی طاہر القادری سفر یاد,1
979,سارے پاکستا پتا ھے پارٹیاں مل پاکستان زبردستی قابض ھیں پولیس عوام حقوق صلب جرتی ھے پیمرانیپرانادرا نو میرٹ,0
980,سیالکوٹ ہندوستانی فورسز بلا اشتعال فائرنگ پاکستان صوبہ پنجاب شہر سیالکوٹ ورکنگ,0
981,اسلام آباد ملزم ساتھی فرار ہوگیا کارکن حملہ شدید ردعمل گارشید گوڈیل,0
982,PTI لوگ گالی گلوچ اگست رات یاد چاہیے لیڈر چھوڑ بھاگ,0
983,انشا اللہ وقت سیاسی بلنڈر جوش بجائے ہوش کام,2
984,دنیا بہترین مسلم خلیفہ بچوں نصیحت مولانا طارق جمیل صاحب,2
985,تہذیب سکھاتی جینے سلیقہتعلیم جاہل جہالت دوغلے لوگوں نام,2
986,مہاجر حصے پاکستان ساتھ لیکر خواجہ اظہار الحسن العجب,2
987,پاکستان میچ جتنے کیلے تین ویکٹس ضرورت میچ ہاتھ,2
988,پاکستان معاشی حب کراچی خالد مقبول صدیقی,2
989,نئے صوبے قیام انتظامی بنیادوں پہ لسانی بنیادوں پہ,2
990,انشاء جی اٹھو کوچ شہر جی لگانا انشاء جی اٹھو کوچ شہر جی لگانا,0
991,شہید کردو طاہر القادری جی خکم تعمیل کب,2
992,پہلی بار انکل دل دکھا آہستہ آہستہ عادت جاے,0
993,چندے انقلاب جاسکتا بندے اٹھانے چپ کروایا,0
994,گھر استنجاء وضو مسجد آنااحادیث مبارکہ ثابت ھوتا ھے وضو استنجاء گھر کرکے جانا,2
995,آدمی سالار کافی معقول ٹپ,2
996,چچا غالب روح معذرت ساتھہم مانا ڈیزلمفت ہاتھ برا,2
997,واہ جناب واہ اچھی جناب خود فرشتہ سمجوں انسان,2
998,اسلام آباد پی ٹی دھرنا ختم صفائی کام آغاز روزنامہ اردو پوائنٹ,2
999,دنیا راہ وفا ساتھتم چلے چلو یوں چلی چلے,2
